<?xml version="1.0" encoding="UTF-8"?>

<!-- generated on 2025-02-03 19:14:47.265444 by osmWebWizard.py v1_21_0+0000-d7b3b481c43
<configuration>
    <net-file value="C:\Users\Warren Monteiro\2025-02-03-19-14-35\osm.net.xml.gz"/>
    <output-trip-file value="C:\Users\Warren Monteiro\2025-02-03-19-14-35\osm.bus.trips.xml"/>
    <route-file value="C:\Users\Warren Monteiro\2025-02-03-19-14-35\osm.bus.rou.xml"/>
    <prefix value="bus"/>
    <trip-attributes value="departLane=&quot;best&quot;"/>
    <fringe-start-attributes value="departSpeed=&quot;max&quot;"/>
    <vehicle-class value="bus"/>
    <fringe-factor value="5"/>
    <vclass value="bus"/>
    <via-edge-types value="highway.motorway,highway.motorway_link,highway.trunk_link,highway.primary_link,highway.secondary_link,highway.tertiary_link"/>
    <min-distance value="600.0"/>
    <min-distance.fringe value="10.0"/>
    <remove-loops value="True"/>
    <validate value="True"/>
    <insertion-density value="4.0"/>
</configuration>
-->

<!-- generated on 2025-02-03 19:14:47 by Eclipse SUMO duarouter Version 1.21.0
<duarouterConfiguration xmlns:xsi="http://www.w3.org/2001/XMLSchema-instance" xsi:noNamespaceSchemaLocation="http://sumo.dlr.de/xsd/duarouterConfiguration.xsd">

    <input>
        <net-file value="C:\Users\Warren Monteiro\2025-02-03-19-14-35\osm.net.xml.gz"/>
        <route-files value="C:\Users\Warren Monteiro\2025-02-03-19-14-35\osm.bus.trips.xml"/>
    </input>

    <output>
        <output-file value="C:\Users\Warren Monteiro\2025-02-03-19-14-35\osm.bus.trips.xml.tmp"/>
        <alternatives-output value="NUL"/>
        <write-trips value="true"/>
    </output>

    <processing>
        <remove-loops value="true"/>
    </processing>

    <time>
        <begin value="0.0"/>
        <end value="3600.0"/>
    </time>

    <report>
        <no-warnings value="true"/>
        <ignore-errors value="true"/>
        <no-step-log value="true"/>
    </report>

</duarouterConfiguration>
-->

<routes xmlns:xsi="http://www.w3.org/2001/XMLSchema-instance" xsi:noNamespaceSchemaLocation="http://sumo.dlr.de/xsd/routes_file.xsd">
    <vType id="bus_bus" vClass="bus"/>
    <trip id="bus0" type="bus_bus" depart="0.00" departLane="best" departSpeed="max" from="-13460105#1" to="-382426650#0"/>
    <trip id="bus1" type="bus_bus" depart="47.01" departLane="best" from="404995540#0" to="344355078#1"/>
    <trip id="bus2" type="bus_bus" depart="94.02" departLane="best" from="-190478684#0" to="-398740639"/>
    <trip id="bus3" type="bus_bus" depart="141.03" departLane="best" from="382237279#1" to="-405178831#0"/>
    <trip id="bus4" type="bus_bus" depart="188.05" departLane="best" departSpeed="max" from="405178831#0" to="1059493772#1"/>
    <trip id="bus5" type="bus_bus" depart="235.06" departLane="best" from="907992122#1" to="161808942"/>
    <trip id="bus6" type="bus_bus" depart="282.07" departLane="best" from="-185948996#0" to="-405178831#0"/>
    <trip id="bus7" type="bus_bus" depart="329.08" departLane="best" departSpeed="max" from="405178831#0" to="399313021#1"/>
    <trip id="bus8" type="bus_bus" depart="376.09" departLane="best" departSpeed="max" from="-13460105#1" to="405168266#1"/>
    <trip id="bus9" type="bus_bus" depart="423.10" departLane="best" departSpeed="max" from="-398738128" to="399313021#1"/>
    <trip id="bus10" type="bus_bus" depart="470.12" departLane="best" from="907992122#0" to="358727540#4"/>
    <trip id="bus11" type="bus_bus" depart="517.13" departLane="best" from="-13460105#0" to="161808942"/>
    <trip id="bus12" type="bus_bus" depart="564.14" departLane="best" from="-358727539#0" to="-398740639"/>
    <trip id="bus13" type="bus_bus" depart="611.15" departLane="best" departSpeed="max" from="-382212891#1" to="-518201969#0"/>
    <trip id="bus15" type="bus_bus" depart="705.17" departLane="best" from="404983741#1" to="190478684#1"/>
    <trip id="bus16" type="bus_bus" depart="752.18" departLane="best" from="-186076385#1" to="-382426650#0"/>
    <trip id="bus17" type="bus_bus" depart="799.20" departLane="best" departSpeed="max" from="-398738128" to="344355078#1"/>
    <trip id="bus18" type="bus_bus" depart="846.21" departLane="best" from="1123284792#0" to="-399312999#0"/>
    <trip id="bus19" type="bus_bus" depart="893.22" departLane="best" departSpeed="max" from="-13460105#1" to="382212891#1"/>
    <trip id="bus20" type="bus_bus" depart="940.23" departLane="best" from="407591167#2" to="-399312999#0"/>
    <trip id="bus21" type="bus_bus" depart="987.24" departLane="best" departSpeed="max" from="398740639" to="399313021#1"/>
    <trip id="bus22" type="bus_bus" depart="1034.25" departLane="best" departSpeed="max" from="398740639" to="-381458682#2"/>
    <trip id="bus23" type="bus_bus" depart="1081.27" departLane="best" departSpeed="max" from="382212887" to="-404995537#1"/>
    <trip id="bus24" type="bus_bus" depart="1128.28" departLane="best" from="404995540#0" to="190478684#0"/>
    <trip id="bus25" type="bus_bus" depart="1175.29" departLane="best" from="185948989#0" to="-398740642#1"/>
    <trip id="bus26" type="bus_bus" depart="1222.30" departLane="best" departSpeed="max" from="382426650#0" to="185948996#1"/>
    <trip id="bus27" type="bus_bus" depart="1269.31" departLane="best" from="234657817#0" to="344355078#1"/>
    <trip id="bus28" type="bus_bus" depart="1316.32" departLane="best" from="-399313021#1" to="381471428"/>
    <trip id="bus29" type="bus_bus" depart="1363.33" departLane="best" from="-405180174#1" to="185949000#0"/>
    <trip id="bus30" type="bus_bus" depart="1410.35" departLane="best" departSpeed="max" from="-13460105#1" to="358727540#4"/>
    <trip id="bus31" type="bus_bus" depart="1457.36" departLane="best" from="-358727540#3" to="1123284792#0"/>
    <trip id="bus32" type="bus_bus" depart="1504.37" departLane="best" from="172603544#1" to="-405178831#0"/>
    <trip id="bus33" type="bus_bus" depart="1551.38" departLane="best" departSpeed="max" from="-13460105#1" to="161809364#2"/>
    <trip id="bus34" type="bus_bus" depart="1598.39" departLane="best" from="404995540#0" to="344355078#1"/>
    <trip id="bus35" type="bus_bus" depart="1645.40" departLane="best" departSpeed="max" from="-344355078#1" to="407591167#1"/>
    <trip id="bus36" type="bus_bus" depart="1692.42" departLane="best" departSpeed="max" from="382426650#0" to="-381471424#0"/>
    <trip id="bus37" type="bus_bus" depart="1739.43" departLane="best" from="399313002#1" to="-398740639"/>
    <trip id="bus39" type="bus_bus" depart="1833.45" departLane="best" from="1123284792#0" to="185948989#0"/>
    <trip id="bus40" type="bus_bus" depart="1880.46" departLane="best" from="185948989#0" to="-193968543#2"/>
    <trip id="bus41" type="bus_bus" depart="1927.47" departLane="best" from="381471424#0" to="358727540#1"/>
    <trip id="bus42" type="bus_bus" depart="1974.48" departLane="best" from="-13460105#0" to="382209442#0"/>
    <trip id="bus43" type="bus_bus" depart="2021.50" departLane="best" from="382212884#0" to="-398740639"/>
    <trip id="bus44" type="bus_bus" depart="2068.51" departLane="best" from="358727539#0" to="-405178831#0"/>
    <trip id="bus45" type="bus_bus" depart="2115.52" departLane="best" departSpeed="max" from="405178831#0" to="161808942"/>
    <trip id="bus47" type="bus_bus" depart="2209.54" departLane="best" from="-358727540#3" to="-398740639"/>
    <trip id="bus48" type="bus_bus" depart="2256.55" departLane="best" departSpeed="max" from="382426650#0" to="404995540#3"/>
    <trip id="bus49" type="bus_bus" depart="2303.56" departLane="best" from="-358727540#4" to="1123284792#0"/>
    <trip id="bus50" type="bus_bus" depart="2350.58" departLane="best" departSpeed="max" from="405169149" to="381471428"/>
    <trip id="bus51" type="bus_bus" depart="2397.59" departLane="best" departSpeed="max" from="172603544#0" to="-398740639"/>
    <trip id="bus52" type="bus_bus" depart="2444.60" departLane="best" from="-13460105#0" to="190478684#0"/>
    <trip id="bus53" type="bus_bus" depart="2491.61" departLane="best" departSpeed="max" from="398740639" to="-358727539#0"/>
    <trip id="bus54" type="bus_bus" depart="2538.62" departLane="best" from="404983741#0" to="-381458682#1"/>
    <trip id="bus55" type="bus_bus" depart="2585.63" departLane="best" departSpeed="max" from="-13460105#1" to="161809364#2"/>
    <trip id="bus56" type="bus_bus" depart="2632.65" departLane="best" departSpeed="max" from="-344355078#1" to="-398740639"/>
    <trip id="bus57" type="bus_bus" depart="2679.66" departLane="best" from="399313002#0" to="13460105#1"/>
    <trip id="bus58" type="bus_bus" depart="2726.67" departLane="best" departSpeed="max" from="-344355078#1" to="404983743#0"/>
    <trip id="bus59" type="bus_bus" depart="2773.68" departLane="best" departSpeed="max" from="-344355078#1" to="381471428"/>
    <trip id="bus60" type="bus_bus" depart="2820.69" departLane="best" from="404995537#1" to="-405178831#1"/>
    <trip id="bus61" type="bus_bus" depart="2867.70" departLane="best" from="399313002#0" to="-398740642#1"/>
    <trip id="bus62" type="bus_bus" depart="2914.71" departLane="best" departSpeed="max" from="398740639" to="161808942"/>
    <trip id="bus63" type="bus_bus" depart="2961.73" departLane="best" departSpeed="max" from="398740639" to="-382426650#0"/>
    <trip id="bus64" type="bus_bus" depart="3008.74" departLane="best" from="161809364#0" to="-398740639"/>
    <trip id="bus65" type="bus_bus" depart="3055.75" departLane="best" departSpeed="max" from="405178831#0" to="185948996#1"/>
    <trip id="bus66" type="bus_bus" depart="3102.76" departLane="best" from="381458682#1" to="398738128"/>
    <trip id="bus67" type="bus_bus" depart="3149.77" departLane="best" departSpeed="max" from="405178831#0" to="398740654#0"/>
    <trip id="bus68" type="bus_bus" depart="3196.78" departLane="best" from="398740642#1" to="-382426650#0"/>
    <trip id="bus69" type="bus_bus" depart="3243.80" departLane="best" from="-190478684#1" to="-185948985#0"/>
    <trip id="bus70" type="bus_bus" depart="3290.81" departLane="best" from="381471424#0" to="344355078#1"/>
    <trip id="bus71" type="bus_bus" depart="3337.82" departLane="best" from="381458682#1" to="186076385#1"/>
    <trip id="bus72" type="bus_bus" depart="3384.83" departLane="best" departSpeed="max" from="382426650#0" to="-405180175#0"/>
    <trip id="bus73" type="bus_bus" depart="3431.84" departLane="best" from="399313017#0" to="-398740639"/>
    <trip id="bus74" type="bus_bus" depart="3478.85" departLane="best" departSpeed="max" from="399312999#0" to="13460105#1"/>
    <trip id="bus75" type="bus_bus" depart="3525.86" departLane="best" from="404983741#1" to="161808942"/>
    <trip id="bus76" type="bus_bus" depart="3572.88" departLane="best" from="404995540#3" to="344355078#1"/>
</routes>
