<?xml version="1.0" encoding="UTF-8"?>

<!-- generated on 2025-02-03 19:14:46.506564 by osmWebWizard.py v1_21_0+0000-d7b3b481c43
<configuration>
    <net-file value="C:\Users\Warren Monteiro\2025-02-03-19-14-35\osm.net.xml.gz"/>
    <output-trip-file value="C:\Users\Warren Monteiro\2025-02-03-19-14-35\osm.bicycle.trips.xml"/>
    <route-file value="C:\Users\Warren Monteiro\2025-02-03-19-14-35\osm.bicycle.rou.xml"/>
    <prefix value="bike"/>
    <trip-attributes value="departLane=&quot;best&quot;"/>
    <fringe-start-attributes value="departSpeed=&quot;max&quot;"/>
    <vehicle-class value="bicycle"/>
    <fringe-factor value="2"/>
    <vclass value="bicycle"/>
    <via-edge-types value="highway.motorway,highway.motorway_link,highway.trunk_link,highway.primary_link,highway.secondary_link,highway.tertiary_link"/>
    <max-distance value="8000.0"/>
    <remove-loops value="True"/>
    <validate value="True"/>
    <insertion-density value="6.0"/>
</configuration>
-->

<!-- generated on 2025-02-03 19:14:46 by Eclipse SUMO duarouter Version 1.21.0
<duarouterConfiguration xmlns:xsi="http://www.w3.org/2001/XMLSchema-instance" xsi:noNamespaceSchemaLocation="http://sumo.dlr.de/xsd/duarouterConfiguration.xsd">

    <input>
        <net-file value="C:\Users\Warren Monteiro\2025-02-03-19-14-35\osm.net.xml.gz"/>
        <route-files value="C:\Users\Warren Monteiro\2025-02-03-19-14-35\osm.bicycle.trips.xml"/>
    </input>

    <output>
        <output-file value="C:\Users\Warren Monteiro\2025-02-03-19-14-35\osm.bicycle.trips.xml.tmp"/>
        <alternatives-output value="NUL"/>
        <write-trips value="true"/>
    </output>

    <processing>
        <remove-loops value="true"/>
    </processing>

    <time>
        <begin value="0.0"/>
        <end value="3600.0"/>
    </time>

    <report>
        <no-warnings value="true"/>
        <ignore-errors value="true"/>
        <no-step-log value="true"/>
    </report>

</duarouterConfiguration>
-->

<routes xmlns:xsi="http://www.w3.org/2001/XMLSchema-instance" xsi:noNamespaceSchemaLocation="http://sumo.dlr.de/xsd/routes_file.xsd">
    <vType id="bike_bicycle" vClass="bicycle"/>
    <trip id="bike0" type="bike_bicycle" depart="0.00" departLane="best" from="382215621#0" to="-1194483042#0"/>
    <trip id="bike1" type="bike_bicycle" depart="16.37" departLane="best" from="-689797054#0" to="405180169#0"/>
    <trip id="bike2" type="bike_bicycle" depart="32.73" departLane="best" departSpeed="max" from="405178831#0" to="399313002#0"/>
    <trip id="bike3" type="bike_bicycle" depart="49.10" departLane="best" from="-761164377#2" to="-260879499"/>
    <trip id="bike4" type="bike_bicycle" depart="65.46" departLane="best" from="-839327043" to="-1194483042#2"/>
    <trip id="bike5" type="bike_bicycle" depart="81.83" departLane="best" from="-407591167#4" to="1235919547#2"/>
    <trip id="bike6" type="bike_bicycle" depart="98.19" departLane="best" from="1235919545" to="-404983742"/>
    <trip id="bike7" type="bike_bicycle" depart="114.56" departLane="best" from="-386521870#5" to="185948996#1"/>
    <trip id="bike8" type="bike_bicycle" depart="130.92" departLane="best" from="-425993525#0" to="319308277"/>
    <trip id="bike9" type="bike_bicycle" depart="147.29" departLane="best" from="689800761#1" to="-1087140593#0"/>
    <trip id="bike10" type="bike_bicycle" depart="163.66" departLane="best" from="-689797054#2" to="-1235919544#0"/>
    <trip id="bike11" type="bike_bicycle" depart="180.02" departLane="best" from="-723353444#0" to="-386521870#14"/>
    <trip id="bike12" type="bike_bicycle" depart="196.39" departLane="best" from="958969520#8" to="-518201969#1"/>
    <trip id="bike13" type="bike_bicycle" depart="212.75" departLane="best" departSpeed="max" from="-319308277" to="-285298963#0"/>
    <trip id="bike14" type="bike_bicycle" depart="229.12" departLane="best" from="690075160#2" to="381458682#1"/>
    <trip id="bike15" type="bike_bicycle" depart="245.48" departLane="best" from="689797054#3" to="518201969#1"/>
    <trip id="bike16" type="bike_bicycle" depart="261.85" departLane="best" from="1252529974" to="959014849"/>
    <trip id="bike17" type="bike_bicycle" depart="278.22" departLane="best" departSpeed="max" from="-761164378#3" to="186076402#1"/>
    <trip id="bike18" type="bike_bicycle" depart="294.58" departLane="best" from="690075155#1" to="382210638#1"/>
    <trip id="bike19" type="bike_bicycle" depart="310.95" departLane="best" from="723353443#2" to="285298963#2"/>
    <trip id="bike20" type="bike_bicycle" depart="327.31" departLane="best" from="399313016#1" to="-1302914413"/>
    <trip id="bike21" type="bike_bicycle" depart="343.68" departLane="best" from="-690075160#7" to="689797054#1"/>
    <trip id="bike22" type="bike_bicycle" depart="360.04" departLane="best" from="234657817#0" to="689781762#6"/>
    <trip id="bike23" type="bike_bicycle" depart="376.41" departLane="best" from="-358727539#0" to="-689797038#2"/>
    <trip id="bike24" type="bike_bicycle" depart="392.77" departLane="best" departSpeed="max" from="382212887" to="-756840267#0"/>
    <trip id="bike25" type="bike_bicycle" depart="409.14" departLane="best" departSpeed="max" from="-756840268#2" to="405168266#0"/>
    <trip id="bike26" type="bike_bicycle" depart="425.51" departLane="best" from="-689797038#3" to="905529229#1"/>
    <trip id="bike27" type="bike_bicycle" depart="441.87" departLane="best" from="-382248461#2" to="381471428"/>
    <trip id="bike28" type="bike_bicycle" depart="458.24" departLane="best" from="-398740654#0" to="690075160#7"/>
    <trip id="bike29" type="bike_bicycle" depart="474.60" departLane="best" from="-386521870#9" to="-761164378#2"/>
    <trip id="bike30" type="bike_bicycle" depart="490.97" departLane="best" from="975793196#1" to="382248461#6"/>
    <trip id="bike31" type="bike_bicycle" depart="507.33" departLane="best" from="161809364#0" to="399313016#1"/>
    <trip id="bike32" type="bike_bicycle" depart="523.70" departLane="best" from="-690075157#4" to="689797038#5"/>
    <trip id="bike33" type="bike_bicycle" depart="540.07" departLane="best" from="-518201969#1" to="-1210475916#0"/>
    <trip id="bike34" type="bike_bicycle" depart="556.43" departLane="best" from="-690075157#3" to="-689797036#2"/>
    <trip id="bike35" type="bike_bicycle" depart="572.80" departLane="best" from="-405180170#1" to="-382212884#1"/>
    <trip id="bike36" type="bike_bicycle" depart="589.16" departLane="best" from="-747511199#0" to="-690075155#1"/>
    <trip id="bike37" type="bike_bicycle" depart="605.53" departLane="best" from="-382253204#1" to="-812632075#2"/>
    <trip id="bike38" type="bike_bicycle" depart="621.89" departLane="best" from="812632075#1" to="-975793196#0"/>
    <trip id="bike39" type="bike_bicycle" depart="638.26" departLane="best" from="-689797038#2" to="689781760#0"/>
    <trip id="bike40" type="bike_bicycle" depart="654.62" departLane="best" from="161809364#2" to="-689797027#2"/>
    <trip id="bike41" type="bike_bicycle" depart="670.99" departLane="best" from="-196798045#0" to="809713230#1"/>
    <trip id="bike42" type="bike_bicycle" depart="687.36" departLane="best" from="-812632073#2" to="-405178831#0"/>
    <trip id="bike43" type="bike_bicycle" depart="703.72" departLane="best" from="976799033#4" to="-1252529979"/>
    <trip id="bike44" type="bike_bicycle" depart="720.09" departLane="best" departSpeed="max" from="-285298971#2" to="-1302914414"/>
    <trip id="bike45" type="bike_bicycle" depart="736.45" departLane="best" from="381458682#1" to="382218111#1"/>
    <trip id="bike46" type="bike_bicycle" depart="752.82" departLane="best" from="689797038#1" to="958969520#3"/>
    <trip id="bike47" type="bike_bicycle" depart="769.18" departLane="best" from="-190478684#1" to="-761164381"/>
    <trip id="bike48" type="bike_bicycle" depart="785.55" departLane="best" from="-976799033#3" to="-148385460#0"/>
    <trip id="bike49" type="bike_bicycle" depart="801.92" departLane="best" departSpeed="max" from="958990424" to="-747511198#3"/>
    <trip id="bike50" type="bike_bicycle" depart="818.28" departLane="best" from="1131104906#1" to="407591167#2"/>
    <trip id="bike51" type="bike_bicycle" depart="834.65" departLane="best" from="398738133#0" to="161809364#1"/>
    <trip id="bike52" type="bike_bicycle" depart="851.01" departLane="best" from="-689797038#3" to="-382251676#0"/>
    <trip id="bike53" type="bike_bicycle" depart="867.38" departLane="best" from="381458682#2" to="-958988197#0"/>
    <trip id="bike54" type="bike_bicycle" depart="883.74" departLane="best" from="-399313016#1" to="958969520#8"/>
    <trip id="bike55" type="bike_bicycle" depart="900.11" departLane="best" from="-747511199#0" to="-689797027#2"/>
    <trip id="bike56" type="bike_bicycle" depart="916.47" departLane="best" from="1127429323" to="398815190#1"/>
    <trip id="bike57" type="bike_bicycle" depart="932.84" departLane="best" from="812632075#0" to="756840266#2"/>
    <trip id="bike58" type="bike_bicycle" depart="949.21" departLane="best" from="-689800763#7" to="382248461#6"/>
    <trip id="bike59" type="bike_bicycle" depart="965.57" departLane="best" from="690378097#1" to="386521870#12"/>
    <trip id="bike61" type="bike_bicycle" depart="998.30" departLane="best" from="689797027#2" to="382253204#1"/>
    <trip id="bike62" type="bike_bicycle" depart="1014.67" departLane="best" from="-1087140592#0" to="690075157#4"/>
    <trip id="bike63" type="bike_bicycle" depart="1031.03" departLane="best" from="690075155#4" to="905529227#0"/>
    <trip id="bike64" type="bike_bicycle" depart="1047.40" departLane="best" from="-1087140593#0" to="690075160#2"/>
    <trip id="bike65" type="bike_bicycle" depart="1063.77" departLane="best" from="382237279#1" to="-172603544#0"/>
    <trip id="bike66" type="bike_bicycle" depart="1080.13" departLane="best" from="-747511199#1" to="958969520#3"/>
    <trip id="bike67" type="bike_bicycle" depart="1096.50" departLane="best" departSpeed="max" from="-285298963#2" to="1131104906#1"/>
    <trip id="bike68" type="bike_bicycle" depart="1112.86" departLane="best" departSpeed="max" from="-196798045#1" to="689797036#7"/>
    <trip id="bike69" type="bike_bicycle" depart="1129.23" departLane="best" from="689781760#3" to="-382237279#0"/>
    <trip id="bike70" type="bike_bicycle" depart="1145.59" departLane="best" from="-976798194#0" to="186076385#1"/>
    <trip id="bike71" type="bike_bicycle" depart="1161.96" departLane="best" from="-689797038#2" to="756840267#1"/>
    <trip id="bike72" type="bike_bicycle" depart="1178.32" departLane="best" from="-905529226#0" to="-405168267"/>
    <trip id="bike73" type="bike_bicycle" depart="1194.69" departLane="best" from="1252529979" to="518201969#1"/>
    <trip id="bike74" type="bike_bicycle" depart="1211.06" departLane="best" from="-404995540#4" to="437912349#2"/>
    <trip id="bike75" type="bike_bicycle" depart="1227.42" departLane="best" from="976799033#2" to="386521870#12"/>
    <trip id="bike76" type="bike_bicycle" depart="1243.79" departLane="best" from="-958969520#6" to="13303219#1"/>
    <trip id="bike77" type="bike_bicycle" depart="1260.15" departLane="best" from="958969520#1" to="-405180170#1"/>
    <trip id="bike78" type="bike_bicycle" depart="1276.52" departLane="best" from="-723353443#0" to="319308277"/>
    <trip id="bike79" type="bike_bicycle" depart="1292.88" departLane="best" from="-689781760#0" to="-405178831#0"/>
    <trip id="bike80" type="bike_bicycle" depart="1309.25" departLane="best" from="-206425363#1" to="-382237279#1"/>
    <trip id="bike81" type="bike_bicycle" depart="1325.62" departLane="best" from="-518201969#1" to="809713233#1"/>
    <trip id="bike82" type="bike_bicycle" depart="1341.98" departLane="best" from="-358727540#3" to="-186076402#1"/>
    <trip id="bike83" type="bike_bicycle" depart="1358.35" departLane="best" from="-689781761#4" to="398738133#0"/>
    <trip id="bike84" type="bike_bicycle" depart="1374.71" departLane="best" from="-405180175#0" to="-382237280#0"/>
    <trip id="bike85" type="bike_bicycle" depart="1391.08" departLane="best" from="518201969#1" to="207564507#6"/>
    <trip id="bike86" type="bike_bicycle" depart="1407.44" departLane="best" from="-975793196#2" to="689797054#3"/>
    <trip id="bike87" type="bike_bicycle" depart="1423.81" departLane="best" from="-689797054#3" to="-399313004#2"/>
    <trip id="bike88" type="bike_bicycle" depart="1440.17" departLane="best" departSpeed="max" from="-344355078#1" to="-958988194#0"/>
    <trip id="bike89" type="bike_bicycle" depart="1456.54" departLane="best" from="-905529226#0" to="-976799033#2"/>
    <trip id="bike90" type="bike_bicycle" depart="1472.91" departLane="best" from="405168266#1" to="398740656#2"/>
    <trip id="bike91" type="bike_bicycle" depart="1489.27" departLane="best" departSpeed="max" from="975793194#0" to="-285298963#1"/>
    <trip id="bike92" type="bike_bicycle" depart="1505.64" departLane="best" departSpeed="max" from="-812632073#3" to="-690075160#8"/>
    <trip id="bike93" type="bike_bicycle" depart="1522.00" departLane="best" from="723353443#2" to="-689781760#2"/>
    <trip id="bike95" type="bike_bicycle" depart="1554.73" departLane="best" from="-839327043" to="-689797038#2"/>
    <trip id="bike96" type="bike_bicycle" depart="1571.10" departLane="best" from="-689797027#1" to="-812632078#0"/>
    <trip id="bike97" type="bike_bicycle" depart="1587.47" departLane="best" departSpeed="max" from="-958969520#9" to="747511198#4"/>
    <trip id="bike99" type="bike_bicycle" depart="1620.20" departLane="best" from="976799034#0" to="690075160#5"/>
    <trip id="bike100" type="bike_bicycle" depart="1636.56" departLane="best" from="958988197#4" to="821669104#1"/>
    <trip id="bike101" type="bike_bicycle" depart="1652.93" departLane="best" from="690075160#3" to="-382251676#0"/>
    <trip id="bike102" type="bike_bicycle" depart="1669.29" departLane="best" from="-821669104#1" to="-405169147"/>
    <trip id="bike103" type="bike_bicycle" depart="1685.66" departLane="best" departSpeed="max" from="-812632073#3" to="-172603544#0"/>
    <trip id="bike104" type="bike_bicycle" depart="1702.02" departLane="best" departSpeed="max" from="-761164378#3" to="975793194#3"/>
    <trip id="bike105" type="bike_bicycle" depart="1718.39" departLane="best" from="-689797038#2" to="-689797054#3"/>
    <trip id="bike106" type="bike_bicycle" depart="1734.76" departLane="best" from="-958988198#0" to="-958969520#4"/>
    <trip id="bike107" type="bike_bicycle" depart="1751.12" departLane="best" from="958969520#8" to="976799033#3"/>
    <trip id="bike108" type="bike_bicycle" depart="1767.49" departLane="best" from="148385460#1" to="405180175#0"/>
    <trip id="bike109" type="bike_bicycle" depart="1783.85" departLane="best" from="386521870#3" to="-689800761#2"/>
    <trip id="bike110" type="bike_bicycle" depart="1800.22" departLane="best" from="382210638#1" to="285298963#2"/>
    <trip id="bike111" type="bike_bicycle" depart="1816.58" departLane="best" from="1302914414" to="689781761#5"/>
    <trip id="bike112" type="bike_bicycle" depart="1832.95" departLane="best" from="-185948996#1" to="285298971#2"/>
    <trip id="bike113" type="bike_bicycle" depart="1849.32" departLane="best" from="1131104906#1" to="747511197#1"/>
    <trip id="bike114" type="bike_bicycle" depart="1865.68" departLane="best" from="-386521870#5" to="958988194#5"/>
    <trip id="bike115" type="bike_bicycle" depart="1882.05" departLane="best" from="-260879500#2" to="-399313002#1"/>
    <trip id="bike116" type="bike_bicycle" depart="1898.41" departLane="best" from="207564507#0" to="398815190#1"/>
    <trip id="bike117" type="bike_bicycle" depart="1914.78" departLane="best" from="-689781761#2" to="382209442#1"/>
    <trip id="bike118" type="bike_bicycle" depart="1931.14" departLane="best" from="-761164377#1" to="689781760#0"/>
    <trip id="bike119" type="bike_bicycle" depart="1947.51" departLane="best" from="207564507#0" to="-382212884#1"/>
    <trip id="bike120" type="bike_bicycle" depart="1963.87" departLane="best" departSpeed="max" from="-821669105#1" to="285298971#2"/>
    <trip id="bike121" type="bike_bicycle" depart="1980.24" departLane="best" departSpeed="max" from="1210475916#0" to="905529228#1"/>
    <trip id="bike122" type="bike_bicycle" depart="1996.61" departLane="best" from="-405168266#1" to="405180174#1"/>
    <trip id="bike123" type="bike_bicycle" depart="2012.97" departLane="best" departSpeed="max" from="-689781761#5" to="-812632075#2"/>
    <trip id="bike124" type="bike_bicycle" depart="2029.34" departLane="best" from="386521870#3" to="-689800761#4"/>
    <trip id="bike125" type="bike_bicycle" depart="2045.70" departLane="best" from="-690075157#3" to="1235919546#2"/>
    <trip id="bike126" type="bike_bicycle" depart="2062.07" departLane="best" from="206425363#2" to="-975793194#3"/>
    <trip id="bike127" type="bike_bicycle" depart="2078.43" departLane="best" from="976799033#4" to="976799033#3"/>
    <trip id="bike128" type="bike_bicycle" depart="2094.80" departLane="best" from="-206425363#2" to="-405169147"/>
    <trip id="bike129" type="bike_bicycle" depart="2111.17" departLane="best" from="-689797038#2" to="905529228#0"/>
    <trip id="bike130" type="bike_bicycle" depart="2127.53" departLane="best" from="747511200" to="756840268#2"/>
    <trip id="bike131" type="bike_bicycle" depart="2143.90" departLane="best" departSpeed="max" from="-756840268#2" to="-386521870#3"/>
    <trip id="bike132" type="bike_bicycle" depart="2160.26" departLane="best" from="690075155#3" to="404995542#0"/>
    <trip id="bike133" type="bike_bicycle" depart="2176.63" departLane="best" from="285298971#1" to="1235919547#0"/>
    <trip id="bike134" type="bike_bicycle" depart="2192.99" departLane="best" from="-382251676#0" to="-1087140593#1"/>
    <trip id="bike135" type="bike_bicycle" depart="2209.36" departLane="best" from="689800761#6" to="-689800761#3"/>
    <trip id="bike136" type="bike_bicycle" depart="2225.72" departLane="best" from="386521870#10" to="906254730"/>
    <trip id="bike137" type="bike_bicycle" depart="2242.09" departLane="best" from="-382248461#2" to="-381458682#2"/>
    <trip id="bike138" type="bike_bicycle" depart="2258.46" departLane="best" from="-358727540#3" to="190478684#0"/>
    <trip id="bike139" type="bike_bicycle" depart="2274.82" departLane="best" from="-689797038#7" to="-381458682#1"/>
    <trip id="bike140" type="bike_bicycle" depart="2291.19" departLane="best" from="404995540#0" to="-404995537#1"/>
    <trip id="bike141" type="bike_bicycle" depart="2307.55" departLane="best" from="382212884#2" to="-689797030#1"/>
    <trip id="bike142" type="bike_bicycle" depart="2323.92" departLane="best" departSpeed="max" from="1031871491#0" to="809713233#1"/>
    <trip id="bike143" type="bike_bicycle" depart="2340.28" departLane="best" from="690075160#1" to="-260879500#0"/>
    <trip id="bike144" type="bike_bicycle" depart="2356.65" departLane="best" from="-905529226#0" to="689797038#1"/>
    <trip id="bike145" type="bike_bicycle" depart="2373.02" departLane="best" from="-1087140593#0" to="689797038#2"/>
    <trip id="bike146" type="bike_bicycle" depart="2389.38" departLane="best" departSpeed="max" from="382212887" to="-689797027#2"/>
    <trip id="bike147" type="bike_bicycle" depart="2405.75" departLane="best" from="405180170#1" to="186076402#1"/>
    <trip id="bike148" type="bike_bicycle" depart="2422.11" departLane="best" from="-905529228#0" to="-1087140594"/>
    <trip id="bike149" type="bike_bicycle" depart="2438.48" departLane="best" from="-206425364#0" to="-761164377#3"/>
    <trip id="bike150" type="bike_bicycle" depart="2454.84" departLane="best" from="809713224#2" to="185948996#1"/>
    <trip id="bike151" type="bike_bicycle" depart="2471.21" departLane="best" from="690075155#4" to="-285298971#1"/>
    <trip id="bike152" type="bike_bicycle" depart="2487.57" departLane="best" from="386521870#11" to="-382215621#0"/>
    <trip id="bike153" type="bike_bicycle" depart="2503.94" departLane="best" from="-690075155#2" to="809713230#1"/>
    <trip id="bike154" type="bike_bicycle" depart="2520.31" departLane="best" from="689797038#4" to="-747511198#3"/>
    <trip id="bike155" type="bike_bicycle" depart="2536.67" departLane="best" from="761164378#2" to="405168266#1"/>
    <trip id="bike156" type="bike_bicycle" depart="2553.04" departLane="best" from="-689797027#1" to="-328310610#0"/>
    <trip id="bike157" type="bike_bicycle" depart="2569.40" departLane="best" from="-689797030#1" to="-761164377#3"/>
    <trip id="bike158" type="bike_bicycle" depart="2585.77" departLane="best" from="812632075#0" to="382212884#2"/>
    <trip id="bike159" type="bike_bicycle" depart="2602.13" departLane="best" from="-386521870#3" to="905529227#0"/>
    <trip id="bike160" type="bike_bicycle" depart="2618.50" departLane="best" from="723353444#1" to="959014850#1"/>
    <trip id="bike161" type="bike_bicycle" depart="2634.86" departLane="best" from="689800761#2" to="761164377#2"/>
    <trip id="bike162" type="bike_bicycle" depart="2651.23" departLane="best" from="-1235919544#0" to="689781760#1"/>
    <trip id="bike163" type="bike_bicycle" depart="2667.60" departLane="best" from="905529227#0" to="905529227#1"/>
    <trip id="bike164" type="bike_bicycle" depart="2683.96" departLane="best" from="-689797054#0" to="747511199#0"/>
    <trip id="bike165" type="bike_bicycle" depart="2700.33" departLane="best" from="689800761#1" to="-689797036#0"/>
    <trip id="bike166" type="bike_bicycle" depart="2716.69" departLane="best" from="-689797036#7" to="-358727540#1"/>
    <trip id="bike167" type="bike_bicycle" depart="2733.06" departLane="best" from="747511198#2" to="747511198#2"/>
    <trip id="bike168" type="bike_bicycle" depart="2749.42" departLane="best" from="-437912349#1" to="-690075155#3"/>
    <trip id="bike169" type="bike_bicycle" depart="2765.79" departLane="best" from="-959014850#1" to="-689800763#0"/>
    <trip id="bike170" type="bike_bicycle" depart="2782.16" departLane="best" from="689797038#3" to="-405180175#0"/>
    <trip id="bike171" type="bike_bicycle" depart="2798.52" departLane="best" from="404995542#1" to="-399313017#0"/>
    <trip id="bike172" type="bike_bicycle" depart="2814.89" departLane="best" from="690075160#6" to="747511199#1"/>
    <trip id="bike173" type="bike_bicycle" depart="2831.25" departLane="best" from="958988197#3" to="-689797038#2"/>
    <trip id="bike174" type="bike_bicycle" depart="2847.62" departLane="best" from="382218111#1" to="-812632076"/>
    <trip id="bike175" type="bike_bicycle" depart="2863.98" departLane="best" from="959590137" to="161809364#1"/>
    <trip id="bike176" type="bike_bicycle" depart="2880.35" departLane="best" departSpeed="max" from="906254729" to="-381458682#2"/>
    <trip id="bike177" type="bike_bicycle" depart="2896.71" departLane="best" from="-689797038#0" to="-398815190#1"/>
    <trip id="bike178" type="bike_bicycle" depart="2913.08" departLane="best" from="-958988197#0" to="-689797036#0"/>
    <trip id="bike179" type="bike_bicycle" depart="2929.45" departLane="best" from="-358727540#4" to="-958988197#0"/>
    <trip id="bike180" type="bike_bicycle" depart="2945.81" departLane="best" from="405168266#1" to="-690075155#1"/>
    <trip id="bike181" type="bike_bicycle" depart="2962.18" departLane="best" departSpeed="max" from="285298963#0" to="1302914413"/>
    <trip id="bike182" type="bike_bicycle" depart="2978.54" departLane="best" from="809713224#2" to="690378097#1"/>
    <trip id="bike183" type="bike_bicycle" depart="2994.91" departLane="best" from="-689797036#1" to="405168266#1"/>
    <trip id="bike184" type="bike_bicycle" depart="3011.27" departLane="best" from="-1087140592#1" to="812632078#1"/>
    <trip id="bike185" type="bike_bicycle" depart="3027.64" departLane="best" from="1252529975" to="407591167#1"/>
    <trip id="bike186" type="bike_bicycle" depart="3044.01" departLane="best" from="-405180174#1" to="-398740642#1"/>
    <trip id="bike187" type="bike_bicycle" depart="3060.37" departLane="best" departSpeed="max" from="-756840267#1" to="-186076402#1"/>
    <trip id="bike188" type="bike_bicycle" depart="3076.74" departLane="best" from="386521870#10" to="-690075160#2"/>
    <trip id="bike189" type="bike_bicycle" depart="3093.10" departLane="best" from="-690075157#2" to="-723353443#1"/>
    <trip id="bike190" type="bike_bicycle" depart="3109.47" departLane="best" from="404995540#3" to="-689800761#4"/>
    <trip id="bike191" type="bike_bicycle" depart="3125.83" departLane="best" from="690075155#3" to="-839327043"/>
    <trip id="bike192" type="bike_bicycle" depart="3142.20" departLane="best" departSpeed="max" from="-812632073#3" to="-689800761#1"/>
    <trip id="bike193" type="bike_bicycle" depart="3158.56" departLane="best" from="-382215621#0" to="958969520#2"/>
    <trip id="bike194" type="bike_bicycle" depart="3174.93" departLane="best" from="907992122#0" to="399313002#0"/>
    <trip id="bike195" type="bike_bicycle" depart="3191.30" departLane="best" from="761164381" to="382210034#0"/>
    <trip id="bike196" type="bike_bicycle" depart="3207.66" departLane="best" from="437912349#2" to="185949000#1"/>
    <trip id="bike197" type="bike_bicycle" depart="3224.03" departLane="best" from="-1087140592#0" to="-689797038#7"/>
    <trip id="bike198" type="bike_bicycle" depart="3240.39" departLane="best" from="958969520#1" to="285298963#2"/>
    <trip id="bike199" type="bike_bicycle" depart="3256.76" departLane="best" from="-382251676#0" to="-976799033#1"/>
    <trip id="bike200" type="bike_bicycle" depart="3273.12" departLane="best" departSpeed="max" from="-958969520#9" to="-405169147"/>
    <trip id="bike201" type="bike_bicycle" depart="3289.49" departLane="best" from="-975793196#2" to="809713231"/>
    <trip id="bike202" type="bike_bicycle" depart="3305.86" departLane="best" from="689797038#4" to="-398738133#0"/>
    <trip id="bike203" type="bike_bicycle" depart="3322.22" departLane="best" departSpeed="max" from="-285298963#2" to="13303219#0"/>
    <trip id="bike204" type="bike_bicycle" depart="3338.59" departLane="best" from="382212884#0" to="-690075160#6"/>
    <trip id="bike205" type="bike_bicycle" depart="3354.95" departLane="best" from="689800761#6" to="689781762#6"/>
    <trip id="bike206" type="bike_bicycle" depart="3371.32" departLane="best" from="386521870#4" to="-405180170#1"/>
    <trip id="bike207" type="bike_bicycle" depart="3387.68" departLane="best" from="-404995540#3" to="-1194483041#1"/>
    <trip id="bike208" type="bike_bicycle" depart="3404.05" departLane="best" from="-1235919546#2" to="1059493772#1"/>
    <trip id="bike209" type="bike_bicycle" depart="3420.41" departLane="best" from="-690075160#4" to="190478684#1"/>
    <trip id="bike210" type="bike_bicycle" depart="3436.78" departLane="best" from="812632078#0" to="382237279#1"/>
    <trip id="bike211" type="bike_bicycle" depart="3453.15" departLane="best" from="-404983743#2" to="-404995537#1"/>
    <trip id="bike212" type="bike_bicycle" depart="3469.51" departLane="best" from="1087140592#1" to="-518201969#1"/>
    <trip id="bike213" type="bike_bicycle" depart="3485.88" departLane="best" from="382253204#1" to="-1087140592#1"/>
    <trip id="bike214" type="bike_bicycle" depart="3502.24" departLane="best" from="437912349#2" to="689797038#1"/>
    <trip id="bike215" type="bike_bicycle" depart="3518.61" departLane="best" from="-358727540#3" to="-958969520#5"/>
    <trip id="bike216" type="bike_bicycle" depart="3534.97" departLane="best" from="-958988198#0" to="958969520#9"/>
    <trip id="bike218" type="bike_bicycle" depart="3567.71" departLane="best" from="-689797027#1" to="723353443#1"/>
    <trip id="bike219" type="bike_bicycle" depart="3584.07" departLane="best" departSpeed="max" from="-959014849" to="689800762"/>
</routes>
