<?xml version="1.0" encoding="UTF-8"?>

<!-- generated on 2025-02-03 19:14:48.067771 by osmWebWizard.py v1_21_0+0000-d7b3b481c43
<configuration>
    <net-file value="C:\Users\Warren Monteiro\2025-02-03-19-14-35\osm.net.xml.gz"/>
    <output-trip-file value="C:\Users\Warren Monteiro\2025-02-03-19-14-35\osm.motorcycle.trips.xml"/>
    <route-file value="C:\Users\Warren Monteiro\2025-02-03-19-14-35\osm.motorcycle.rou.xml"/>
    <prefix value="motorcycle"/>
    <trip-attributes value="departLane=&quot;best&quot;"/>
    <fringe-start-attributes value="departSpeed=&quot;max&quot;"/>
    <vehicle-class value="motorcycle"/>
    <fringe-factor value="2"/>
    <vclass value="motorcycle"/>
    <via-edge-types value="highway.motorway,highway.motorway_link,highway.trunk_link,highway.primary_link,highway.secondary_link,highway.tertiary_link"/>
    <max-distance value="1200.0"/>
    <remove-loops value="True"/>
    <validate value="True"/>
    <insertion-density value="4.0"/>
</configuration>
-->

<!-- generated on 2025-02-03 19:14:47 by Eclipse SUMO duarouter Version 1.21.0
<duarouterConfiguration xmlns:xsi="http://www.w3.org/2001/XMLSchema-instance" xsi:noNamespaceSchemaLocation="http://sumo.dlr.de/xsd/duarouterConfiguration.xsd">

    <input>
        <net-file value="C:\Users\Warren Monteiro\2025-02-03-19-14-35\osm.net.xml.gz"/>
        <route-files value="C:\Users\Warren Monteiro\2025-02-03-19-14-35\osm.motorcycle.trips.xml"/>
    </input>

    <output>
        <output-file value="C:\Users\Warren Monteiro\2025-02-03-19-14-35\osm.motorcycle.trips.xml.tmp"/>
        <alternatives-output value="NUL"/>
        <write-trips value="true"/>
    </output>

    <processing>
        <remove-loops value="true"/>
    </processing>

    <time>
        <begin value="0.0"/>
        <end value="3600.0"/>
    </time>

    <report>
        <no-warnings value="true"/>
        <ignore-errors value="true"/>
        <no-step-log value="true"/>
    </report>

</duarouterConfiguration>
-->

<routes xmlns:xsi="http://www.w3.org/2001/XMLSchema-instance" xsi:noNamespaceSchemaLocation="http://sumo.dlr.de/xsd/routes_file.xsd">
    <vType id="motorcycle_motorcycle" vClass="motorcycle"/>
    <trip id="motorcycle0" type="motorcycle_motorcycle" depart="0.00" departLane="best" departSpeed="max" from="382212887" to="-172603544#0"/>
    <trip id="motorcycle1" type="motorcycle_motorcycle" depart="47.85" departLane="best" from="-398815190#1" to="-382426650#0"/>
    <trip id="motorcycle2" type="motorcycle_motorcycle" depart="95.71" departLane="best" departSpeed="max" from="398740639" to="-382212884#1"/>
    <trip id="motorcycle3" type="motorcycle_motorcycle" depart="143.56" departLane="best" departSpeed="max" from="405169149" to="-358727539#1"/>
    <trip id="motorcycle4" type="motorcycle_motorcycle" depart="191.41" departLane="best" from="1123284792#0" to="-172603544#1"/>
    <trip id="motorcycle5" type="motorcycle_motorcycle" depart="239.27" departLane="best" from="-382248461#4" to="185948989#0"/>
    <trip id="motorcycle6" type="motorcycle_motorcycle" depart="287.12" departLane="best" from="-161808942" to="382248461#5"/>
    <trip id="motorcycle7" type="motorcycle_motorcycle" depart="334.97" departLane="best" from="382215621#0" to="186076402#1"/>
    <trip id="motorcycle8" type="motorcycle_motorcycle" depart="382.83" departLane="best" from="-382248461#4" to="358727539#0"/>
    <trip id="motorcycle9" type="motorcycle_motorcycle" depart="430.68" departLane="best" from="399313017#0" to="13460105#0"/>
    <trip id="motorcycle10" type="motorcycle_motorcycle" depart="478.53" departLane="best" from="399313017#0" to="382215621#0"/>
    <trip id="motorcycle11" type="motorcycle_motorcycle" depart="526.39" departLane="best" from="-404983743#0" to="-382212884#3"/>
    <trip id="motorcycle12" type="motorcycle_motorcycle" depart="574.24" departLane="best" from="407591167#4" to="404995540#4"/>
    <trip id="motorcycle13" type="motorcycle_motorcycle" depart="622.09" departLane="best" from="-358727539#0" to="358727540#1"/>
    <trip id="motorcycle14" type="motorcycle_motorcycle" depart="669.95" departLane="best" from="404995537#1" to="358727540#1"/>
    <trip id="motorcycle15" type="motorcycle_motorcycle" depart="717.80" departLane="best" from="399313017#0" to="382248461#1"/>
    <trip id="motorcycle16" type="motorcycle_motorcycle" depart="765.65" departLane="best" from="-190478684#1" to="437912349#2"/>
    <trip id="motorcycle17" type="motorcycle_motorcycle" depart="813.51" departLane="best" from="-405180170#1" to="190478684#0"/>
    <trip id="motorcycle18" type="motorcycle_motorcycle" depart="861.36" departLane="best" from="-404983742" to="358727540#4"/>
    <trip id="motorcycle19" type="motorcycle_motorcycle" depart="909.21" departLane="best" from="-404983743#2" to="344355078#1"/>
    <trip id="motorcycle20" type="motorcycle_motorcycle" depart="957.07" departLane="best" from="382251676#0" to="185948996#0"/>
    <trip id="motorcycle21" type="motorcycle_motorcycle" depart="1004.92" departLane="best" from="-382248461#5" to="-399313004#0"/>
    <trip id="motorcycle22" type="motorcycle_motorcycle" depart="1052.77" departLane="best" from="-234657817#0" to="-398740639"/>
    <trip id="motorcycle23" type="motorcycle_motorcycle" depart="1100.62" departLane="best" from="-358727539#1" to="399313002#0"/>
    <trip id="motorcycle24" type="motorcycle_motorcycle" depart="1148.48" departLane="best" from="382212884#2" to="-405169147"/>
    <trip id="motorcycle25" type="motorcycle_motorcycle" depart="1196.33" departLane="best" from="405180169#0" to="-382251676#0"/>
    <trip id="motorcycle26" type="motorcycle_motorcycle" depart="1244.18" departLane="best" from="-398740656#2" to="-405180174#1"/>
    <trip id="motorcycle27" type="motorcycle_motorcycle" depart="1292.04" departLane="best" from="382215621#0" to="358727540#3"/>
    <trip id="motorcycle28" type="motorcycle_motorcycle" depart="1339.89" departLane="best" from="382212884#2" to="382248461#1"/>
    <trip id="motorcycle29" type="motorcycle_motorcycle" depart="1387.74" departLane="best" from="382212884#0" to="-405180170#1"/>
    <trip id="motorcycle30" type="motorcycle_motorcycle" depart="1435.60" departLane="best" from="907992122#0" to="381471428"/>
    <trip id="motorcycle31" type="motorcycle_motorcycle" depart="1483.45" departLane="best" from="-358727539#0" to="-382212884#3"/>
    <trip id="motorcycle32" type="motorcycle_motorcycle" depart="1531.30" departLane="best" from="404995537#1" to="398738133#0"/>
    <trip id="motorcycle33" type="motorcycle_motorcycle" depart="1579.16" departLane="best" from="-382248461#6" to="-185948985#0"/>
    <trip id="motorcycle34" type="motorcycle_motorcycle" depart="1627.01" departLane="best" from="-399313017#0" to="-399312999#0"/>
    <trip id="motorcycle35" type="motorcycle_motorcycle" depart="1674.86" departLane="best" from="-382248461#0" to="405180175#0"/>
    <trip id="motorcycle36" type="motorcycle_motorcycle" depart="1722.72" departLane="best" from="405162734" to="399313021#1"/>
    <trip id="motorcycle37" type="motorcycle_motorcycle" depart="1770.57" departLane="best" from="-518201967" to="-405180828"/>
    <trip id="motorcycle38" type="motorcycle_motorcycle" depart="1818.42" departLane="best" departSpeed="max" from="405178831#0" to="13460105#1"/>
    <trip id="motorcycle39" type="motorcycle_motorcycle" depart="1866.28" departLane="best" from="-398740654#0" to="-398740654#0"/>
    <trip id="motorcycle40" type="motorcycle_motorcycle" depart="1914.13" departLane="best" from="-358727539#1" to="-399312999#0"/>
    <trip id="motorcycle42" type="motorcycle_motorcycle" depart="2009.84" departLane="best" from="-518201967" to="-382426650#0"/>
    <trip id="motorcycle43" type="motorcycle_motorcycle" depart="2057.69" departLane="best" from="907992122#1" to="185948989#0"/>
    <trip id="motorcycle44" type="motorcycle_motorcycle" depart="2105.54" departLane="best" departSpeed="max" from="-344355078#1" to="185948996#0"/>
    <trip id="motorcycle45" type="motorcycle_motorcycle" depart="2153.40" departLane="best" from="-358727540#1" to="381458682#1"/>
    <trip id="motorcycle46" type="motorcycle_motorcycle" depart="2201.25" departLane="best" from="399313004#1" to="-518201969#1"/>
    <trip id="motorcycle47" type="motorcycle_motorcycle" depart="2249.10" departLane="best" from="-190478684#0" to="-405180170#1"/>
    <trip id="motorcycle48" type="motorcycle_motorcycle" depart="2296.96" departLane="best" from="907992122#1" to="185949000#0"/>
    <trip id="motorcycle50" type="motorcycle_motorcycle" depart="2392.66" departLane="best" departSpeed="max" from="-13460105#1" to="382237280#0"/>
    <trip id="motorcycle51" type="motorcycle_motorcycle" depart="2440.52" departLane="best" from="-382248461#2" to="185949000#1"/>
    <trip id="motorcycle52" type="motorcycle_motorcycle" depart="2488.37" departLane="best" from="398740656#2" to="381471428"/>
    <trip id="motorcycle53" type="motorcycle_motorcycle" depart="2536.22" departLane="best" from="-358727540#1" to="1123284792#0"/>
    <trip id="motorcycle54" type="motorcycle_motorcycle" depart="2584.08" departLane="best" from="161809364#0" to="407591167#2"/>
    <trip id="motorcycle55" type="motorcycle_motorcycle" depart="2631.93" departLane="best" from="405162734" to="-399312999#0"/>
    <trip id="motorcycle56" type="motorcycle_motorcycle" depart="2679.78" departLane="best" from="-185948996#1" to="382237280#0"/>
    <trip id="motorcycle57" type="motorcycle_motorcycle" depart="2727.64" departLane="best" departSpeed="max" from="405178831#0" to="-404995537#1"/>
    <trip id="motorcycle58" type="motorcycle_motorcycle" depart="2775.49" departLane="best" from="-399313004#0" to="381471428"/>
    <trip id="motorcycle59" type="motorcycle_motorcycle" depart="2823.34" departLane="best" from="-382210034#0" to="-382212884#1"/>
    <trip id="motorcycle60" type="motorcycle_motorcycle" depart="2871.20" departLane="best" departSpeed="max" from="399312999#0" to="186076385#1"/>
    <trip id="motorcycle61" type="motorcycle_motorcycle" depart="2919.05" departLane="best" from="399313002#1" to="185949000#0"/>
    <trip id="motorcycle62" type="motorcycle_motorcycle" depart="2966.90" departLane="best" from="1131104906#1" to="-404983741#0"/>
    <trip id="motorcycle63" type="motorcycle_motorcycle" depart="3014.75" departLane="best" departSpeed="max" from="-13460105#1" to="405180169#0"/>
    <trip id="motorcycle64" type="motorcycle_motorcycle" depart="3062.61" departLane="best" from="405162734" to="399313017#0"/>
    <trip id="motorcycle65" type="motorcycle_motorcycle" depart="3110.46" departLane="best" from="-399313004#2" to="186076385#1"/>
    <trip id="motorcycle66" type="motorcycle_motorcycle" depart="3158.31" departLane="best" from="405162734" to="407591167#1"/>
    <trip id="motorcycle67" type="motorcycle_motorcycle" depart="3206.17" departLane="best" departSpeed="max" from="-344355078#1" to="161809364#0"/>
    <trip id="motorcycle68" type="motorcycle_motorcycle" depart="3254.02" departLane="best" from="-190478684#1" to="382253204#1"/>
    <trip id="motorcycle69" type="motorcycle_motorcycle" depart="3301.87" departLane="best" departSpeed="max" from="399312999#0" to="-382209442#0"/>
    <trip id="motorcycle70" type="motorcycle_motorcycle" depart="3349.73" departLane="best" departSpeed="max" from="172603544#0" to="190478684#0"/>
    <trip id="motorcycle72" type="motorcycle_motorcycle" depart="3445.43" departLane="best" from="1123284792#0" to="382251676#0"/>
    <trip id="motorcycle73" type="motorcycle_motorcycle" depart="3493.29" departLane="best" from="193968543#2" to="382248461#1"/>
    <trip id="motorcycle74" type="motorcycle_motorcycle" depart="3541.14" departLane="best" from="-382237280#0" to="-399313017#0"/>
    <trip id="motorcycle75" type="motorcycle_motorcycle" depart="3588.99" departLane="best" from="907992122#1" to="382209442#0"/>
</routes>
