<?xml version="1.0" encoding="UTF-8"?>

<!-- generated on 2025-02-03 19:14:50.846244 by osmWebWizard.py v1_21_0+0000-d7b3b481c43
<configuration>
    <net-file value="C:\Users\Warren Monteiro\2025-02-03-19-14-35\osm.net.xml.gz"/>
    <output-trip-file value="C:\Users\Warren Monteiro\2025-02-03-19-14-35\osm.truck.trips.xml"/>
    <route-file value="C:\Users\Warren Monteiro\2025-02-03-19-14-35\osm.truck.rou.xml"/>
    <prefix value="truck"/>
    <trip-attributes value="departLane=&quot;best&quot;"/>
    <fringe-start-attributes value="departSpeed=&quot;max&quot;"/>
    <vehicle-class value="truck"/>
    <fringe-factor value="5"/>
    <vclass value="truck"/>
    <via-edge-types value="highway.motorway,highway.motorway_link,highway.trunk_link,highway.primary_link,highway.secondary_link,highway.tertiary_link"/>
    <min-distance value="600.0"/>
    <min-distance.fringe value="10.0"/>
    <remove-loops value="True"/>
    <validate value="True"/>
    <insertion-density value="10.0"/>
</configuration>
-->

<!-- generated on 2025-02-03 19:14:50 by Eclipse SUMO duarouter Version 1.21.0
<duarouterConfiguration xmlns:xsi="http://www.w3.org/2001/XMLSchema-instance" xsi:noNamespaceSchemaLocation="http://sumo.dlr.de/xsd/duarouterConfiguration.xsd">

    <input>
        <net-file value="C:\Users\Warren Monteiro\2025-02-03-19-14-35\osm.net.xml.gz"/>
        <route-files value="C:\Users\Warren Monteiro\2025-02-03-19-14-35\osm.truck.trips.xml"/>
    </input>

    <output>
        <output-file value="C:\Users\Warren Monteiro\2025-02-03-19-14-35\osm.truck.trips.xml.tmp"/>
        <alternatives-output value="NUL"/>
        <write-trips value="true"/>
    </output>

    <processing>
        <remove-loops value="true"/>
    </processing>

    <time>
        <begin value="0.0"/>
        <end value="3600.0"/>
    </time>

    <report>
        <no-warnings value="true"/>
        <ignore-errors value="true"/>
        <no-step-log value="true"/>
    </report>

</duarouterConfiguration>
-->

<routes xmlns:xsi="http://www.w3.org/2001/XMLSchema-instance" xsi:noNamespaceSchemaLocation="http://sumo.dlr.de/xsd/routes_file.xsd">
    <vType id="truck_truck" vClass="truck"/>
    <trip id="truck0" type="truck_truck" depart="0.00" departLane="best" departSpeed="max" from="-13460105#1" to="-382426650#0"/>
    <trip id="truck1" type="truck_truck" depart="19.14" departLane="best" from="399313017#0" to="13460105#0"/>
    <trip id="truck2" type="truck_truck" depart="38.28" departLane="best" departSpeed="max" from="405178831#0" to="13460105#1"/>
    <trip id="truck3" type="truck_truck" depart="57.42" departLane="best" departSpeed="max" from="-13460105#1" to="382212891#1"/>
    <trip id="truck4" type="truck_truck" depart="76.57" departLane="best" departSpeed="max" from="382212887" to="-382237279#0"/>
    <trip id="truck5" type="truck_truck" depart="95.71" departLane="best" departSpeed="max" from="399312999#0" to="185948996#1"/>
    <trip id="truck6" type="truck_truck" depart="114.85" departLane="best" departSpeed="max" from="-13460105#1" to="405168266#1"/>
    <trip id="truck7" type="truck_truck" depart="133.99" departLane="best" from="-358727540#1" to="-398740639"/>
    <trip id="truck8" type="truck_truck" depart="153.13" departLane="best" from="404995542#0" to="-193968543#2"/>
    <trip id="truck9" type="truck_truck" depart="172.27" departLane="best" from="907992122#1" to="399313002#0"/>
    <trip id="truck10" type="truck_truck" depart="191.41" departLane="best" from="382237279#0" to="382212891#1"/>
    <trip id="truck11" type="truck_truck" depart="210.55" departLane="best" from="-190478684#1" to="13460105#1"/>
    <trip id="truck12" type="truck_truck" depart="229.70" departLane="best" from="-405180169#0" to="-382237279#1"/>
    <trip id="truck13" type="truck_truck" depart="248.84" departLane="best" departSpeed="max" from="398740639" to="-382426650#0"/>
    <trip id="truck14" type="truck_truck" depart="267.98" departLane="best" from="-13460105#0" to="161808942"/>
    <trip id="truck15" type="truck_truck" depart="287.12" departLane="best" from="405178825#1" to="185949000#0"/>
    <trip id="truck16" type="truck_truck" depart="306.26" departLane="best" from="-404983743#2" to="344355078#1"/>
    <trip id="truck17" type="truck_truck" depart="325.40" departLane="best" from="399313004#1" to="-398740639"/>
    <trip id="truck18" type="truck_truck" depart="344.54" departLane="best" from="382237279#0" to="-405180828"/>
    <trip id="truck19" type="truck_truck" depart="363.68" departLane="best" from="407591167#2" to="-399312999#0"/>
    <trip id="truck20" type="truck_truck" depart="382.83" departLane="best" departSpeed="max" from="398740639" to="399313021#1"/>
    <trip id="truck21" type="truck_truck" depart="401.97" departLane="best" departSpeed="max" from="398740639" to="-399313004#2"/>
    <trip id="truck22" type="truck_truck" depart="421.11" departLane="best" from="1123284792#0" to="358727540#4"/>
    <trip id="truck23" type="truck_truck" depart="440.25" departLane="best" departSpeed="max" from="398740639" to="161808942"/>
    <trip id="truck24" type="truck_truck" depart="459.39" departLane="best" from="193968543#2" to="-399313002#0"/>
    <trip id="truck25" type="truck_truck" depart="478.53" departLane="best" departSpeed="max" from="-13460105#1" to="358727540#4"/>
    <trip id="truck26" type="truck_truck" depart="497.67" departLane="best" from="381458682#1" to="13460105#1"/>
    <trip id="truck27" type="truck_truck" depart="516.82" departLane="best" from="405180175#0" to="-382426650#0"/>
    <trip id="truck28" type="truck_truck" depart="535.96" departLane="best" from="-358727540#3" to="381471428"/>
    <trip id="truck29" type="truck_truck" depart="555.10" departLane="best" from="381458682#1" to="-398740639"/>
    <trip id="truck30" type="truck_truck" depart="574.24" departLane="best" from="404995540#3" to="344355078#1"/>
    <trip id="truck31" type="truck_truck" depart="593.38" departLane="best" from="-13460105#0" to="-405169147"/>
    <trip id="truck32" type="truck_truck" depart="612.52" departLane="best" departSpeed="max" from="-344355078#1" to="407591167#2"/>
    <trip id="truck33" type="truck_truck" depart="631.66" departLane="best" departSpeed="max" from="-344355078#1" to="-398740639"/>
    <trip id="truck34" type="truck_truck" depart="650.80" departLane="best" from="382209442#1" to="13460105#1"/>
    <trip id="truck35" type="truck_truck" depart="669.95" departLane="best" departSpeed="max" from="-398738128" to="-382209442#0"/>
    <trip id="truck36" type="truck_truck" depart="689.09" departLane="best" departSpeed="max" from="172603544#0" to="1123284792#0"/>
    <trip id="truck37" type="truck_truck" depart="708.23" departLane="best" from="404983741#1" to="-405180828"/>
    <trip id="truck38" type="truck_truck" depart="727.37" departLane="best" from="193968543#2" to="358727540#4"/>
    <trip id="truck39" type="truck_truck" depart="746.51" departLane="best" from="-190478684#1" to="13460105#0"/>
    <trip id="truck40" type="truck_truck" depart="765.65" departLane="best" departSpeed="max" from="382426650#0" to="13460105#1"/>
    <trip id="truck41" type="truck_truck" depart="784.79" departLane="best" from="-13460105#0" to="185949000#0"/>
    <trip id="truck42" type="truck_truck" depart="803.93" departLane="best" departSpeed="max" from="-344355078#1" to="407591167#2"/>
    <trip id="truck44" type="truck_truck" depart="842.22" departLane="best" departSpeed="max" from="172603544#0" to="-381471424#0"/>
    <trip id="truck45" type="truck_truck" depart="861.36" departLane="best" departSpeed="max" from="398740639" to="161809364#0"/>
    <trip id="truck46" type="truck_truck" depart="880.50" departLane="best" departSpeed="max" from="405178831#0" to="161809364#0"/>
    <trip id="truck47" type="truck_truck" depart="899.64" departLane="best" departSpeed="max" from="399312999#0" to="-185948985#0"/>
    <trip id="truck48" type="truck_truck" depart="918.78" departLane="best" departSpeed="max" from="398740639" to="-405180828"/>
    <trip id="truck49" type="truck_truck" depart="937.92" departLane="best" departSpeed="max" from="382426650#0" to="404995540#4"/>
    <trip id="truck50" type="truck_truck" depart="957.07" departLane="best" from="381458682#1" to="398738128"/>
    <trip id="truck52" type="truck_truck" depart="995.35" departLane="best" departSpeed="max" from="405169149" to="381471428"/>
    <trip id="truck53" type="truck_truck" depart="1014.49" departLane="best" from="-404983743#0" to="344355078#1"/>
    <trip id="truck54" type="truck_truck" depart="1033.63" departLane="best" from="185948989#0" to="-398740639"/>
    <trip id="truck55" type="truck_truck" depart="1052.77" departLane="best" from="398740642#1" to="190478684#1"/>
    <trip id="truck56" type="truck_truck" depart="1071.91" departLane="best" departSpeed="max" from="398740639" to="358727540#0"/>
    <trip id="truck57" type="truck_truck" depart="1091.05" departLane="best" departSpeed="max" from="172603544#0" to="381471428"/>
    <trip id="truck58" type="truck_truck" depart="1110.20" departLane="best" from="-358727539#0" to="-398740639"/>
    <trip id="truck59" type="truck_truck" depart="1129.34" departLane="best" departSpeed="max" from="-344355078#1" to="404983743#2"/>
    <trip id="truck60" type="truck_truck" depart="1148.48" departLane="best" from="381458682#1" to="13460105#0"/>
    <trip id="truck61" type="truck_truck" depart="1167.62" departLane="best" from="398740642#1" to="185948989#0"/>
    <trip id="truck62" type="truck_truck" depart="1186.76" departLane="best" from="-190478684#1" to="13460105#1"/>
    <trip id="truck63" type="truck_truck" depart="1205.90" departLane="best" departSpeed="max" from="398740639" to="-382426650#0"/>
    <trip id="truck64" type="truck_truck" depart="1225.04" departLane="best" from="161809364#2" to="-398740639"/>
    <trip id="truck65" type="truck_truck" depart="1244.18" departLane="best" departSpeed="max" from="405178831#0" to="190478684#1"/>
    <trip id="truck66" type="truck_truck" depart="1263.33" departLane="best" from="404983741#0" to="358727540#0"/>
    <trip id="truck67" type="truck_truck" depart="1282.47" departLane="best" from="-398740654#0" to="-382426650#0"/>
    <trip id="truck68" type="truck_truck" depart="1301.61" departLane="best" departSpeed="max" from="405178831#0" to="358727540#0"/>
    <trip id="truck69" type="truck_truck" depart="1320.75" departLane="best" from="-399313021#1" to="-398740639"/>
    <trip id="truck70" type="truck_truck" depart="1339.89" departLane="best" from="381471424#0" to="-382426650#0"/>
    <trip id="truck71" type="truck_truck" depart="1359.03" departLane="best" departSpeed="max" from="382212887" to="-382237279#0"/>
    <trip id="truck72" type="truck_truck" depart="1378.17" departLane="best" departSpeed="max" from="405169149" to="13460105#0"/>
    <trip id="truck73" type="truck_truck" depart="1397.31" departLane="best" departSpeed="max" from="-344355078#1" to="404995540#3"/>
    <trip id="truck74" type="truck_truck" depart="1416.46" departLane="best" from="404983741#0" to="344355078#1"/>
    <trip id="truck75" type="truck_truck" depart="1435.60" departLane="best" from="-399313021#1" to="381471428"/>
    <trip id="truck76" type="truck_truck" depart="1454.74" departLane="best" from="405180174#1" to="161808942"/>
    <trip id="truck77" type="truck_truck" depart="1473.88" departLane="best" from="399313017#0" to="13460105#1"/>
    <trip id="truck78" type="truck_truck" depart="1493.02" departLane="best" departSpeed="max" from="405178831#0" to="399313002#1"/>
    <trip id="truck79" type="truck_truck" depart="1512.16" departLane="best" from="161809364#2" to="13460105#0"/>
    <trip id="truck80" type="truck_truck" depart="1531.30" departLane="best" from="234657817#0" to="-399312999#0"/>
    <trip id="truck81" type="truck_truck" depart="1550.45" departLane="best" departSpeed="max" from="398740639" to="185948989#0"/>
    <trip id="truck82" type="truck_truck" depart="1569.59" departLane="best" from="405178825#1" to="344355078#1"/>
    <trip id="truck83" type="truck_truck" depart="1588.73" departLane="best" departSpeed="max" from="-13460105#1" to="161809364#1"/>
    <trip id="truck84" type="truck_truck" depart="1607.87" departLane="best" departSpeed="max" from="398740639" to="358727540#4"/>
    <trip id="truck85" type="truck_truck" depart="1627.01" departLane="best" from="404983741#1" to="-382426650#0"/>
    <trip id="truck86" type="truck_truck" depart="1646.15" departLane="best" departSpeed="max" from="405169149" to="-405180174#1"/>
    <trip id="truck87" type="truck_truck" depart="1665.29" departLane="best" from="-190478684#0" to="398738128"/>
    <trip id="truck88" type="truck_truck" depart="1684.43" departLane="best" from="-13460105#0" to="382209442#1"/>
    <trip id="truck89" type="truck_truck" depart="1703.58" departLane="best" from="907992122#1" to="-399312999#0"/>
    <trip id="truck90" type="truck_truck" depart="1722.72" departLane="best" from="193968543#2" to="358727540#4"/>
    <trip id="truck91" type="truck_truck" depart="1741.86" departLane="best" departSpeed="max" from="398740639" to="161808942"/>
    <trip id="truck92" type="truck_truck" depart="1761.00" departLane="best" departSpeed="max" from="-398738128" to="-399312999#0"/>
    <trip id="truck93" type="truck_truck" depart="1780.14" departLane="best" departSpeed="max" from="-344355078#1" to="381471428"/>
    <trip id="truck94" type="truck_truck" depart="1799.28" departLane="best" departSpeed="max" from="405178831#0" to="358727540#4"/>
    <trip id="truck95" type="truck_truck" depart="1818.42" departLane="best" from="-190478684#1" to="186076385#1"/>
    <trip id="truck96" type="truck_truck" depart="1837.56" departLane="best" from="405180174#1" to="161808942"/>
    <trip id="truck97" type="truck_truck" depart="1856.71" departLane="best" from="407591167#4" to="-382426650#0"/>
    <trip id="truck98" type="truck_truck" depart="1875.85" departLane="best" from="-358727540#1" to="-193968543#2"/>
    <trip id="truck99" type="truck_truck" depart="1894.99" departLane="best" departSpeed="max" from="172603544#0" to="13460105#1"/>
    <trip id="truck100" type="truck_truck" depart="1914.13" departLane="best" departSpeed="max" from="-13460105#1" to="399313021#1"/>
    <trip id="truck101" type="truck_truck" depart="1933.27" departLane="best" departSpeed="max" from="398740639" to="190478684#0"/>
    <trip id="truck102" type="truck_truck" depart="1952.41" departLane="best" departSpeed="max" from="398740639" to="358727540#3"/>
    <trip id="truck103" type="truck_truck" depart="1971.55" departLane="best" departSpeed="max" from="399312999#0" to="13460105#0"/>
    <trip id="truck105" type="truck_truck" depart="2009.84" departLane="best" departSpeed="max" from="405178831#0" to="358727540#0"/>
    <trip id="truck106" type="truck_truck" depart="2028.98" departLane="best" departSpeed="max" from="-13460105#1" to="190478684#1"/>
    <trip id="truck107" type="truck_truck" depart="2048.12" departLane="best" departSpeed="max" from="-344355078#1" to="381471428"/>
    <trip id="truck108" type="truck_truck" depart="2067.26" departLane="best" departSpeed="max" from="-13460105#1" to="-381458682#2"/>
    <trip id="truck109" type="truck_truck" depart="2086.40" departLane="best" departSpeed="max" from="382212887" to="-398740639"/>
    <trip id="truck110" type="truck_truck" depart="2105.54" departLane="best" from="193968543#2" to="190478684#1"/>
    <trip id="truck111" type="truck_truck" depart="2124.68" departLane="best" from="-190478684#0" to="-381471424#0"/>
    <trip id="truck112" type="truck_truck" depart="2143.83" departLane="best" from="399313017#0" to="13460105#0"/>
    <trip id="truck113" type="truck_truck" depart="2162.97" departLane="best" from="405178831#1" to="-172603544#0"/>
    <trip id="truck114" type="truck_truck" depart="2182.11" departLane="best" departSpeed="max" from="-13460105#1" to="-399313004#1"/>
    <trip id="truck115" type="truck_truck" depart="2201.25" departLane="best" departSpeed="max" from="398740639" to="-381458682#2"/>
    <trip id="truck116" type="truck_truck" depart="2220.39" departLane="best" departSpeed="max" from="399312999#0" to="404983743#0"/>
    <trip id="truck117" type="truck_truck" depart="2239.53" departLane="best" departSpeed="max" from="-13460105#1" to="-382426650#0"/>
    <trip id="truck118" type="truck_truck" depart="2258.67" departLane="best" from="399313002#1" to="-404983741#0"/>
    <trip id="truck119" type="truck_truck" depart="2277.81" departLane="best" from="185948989#0" to="-404983741#0"/>
    <trip id="truck120" type="truck_truck" depart="2296.96" departLane="best" departSpeed="max" from="405178831#0" to="-405169147"/>
    <trip id="truck121" type="truck_truck" depart="2316.10" departLane="best" from="1123284792#0" to="190478684#0"/>
    <trip id="truck122" type="truck_truck" depart="2335.24" departLane="best" from="-13460105#0" to="161808942"/>
    <trip id="truck123" type="truck_truck" depart="2354.38" departLane="best" from="-405180169#0" to="358727540#1"/>
    <trip id="truck124" type="truck_truck" depart="2373.52" departLane="best" from="404983741#1" to="-382426650#0"/>
    <trip id="truck125" type="truck_truck" depart="2392.66" departLane="best" departSpeed="max" from="398740639" to="161808942"/>
    <trip id="truck126" type="truck_truck" depart="2411.80" departLane="best" from="398740642#1" to="399313021#1"/>
    <trip id="truck127" type="truck_truck" depart="2430.95" departLane="best" departSpeed="max" from="-13460105#1" to="-405169147"/>
    <trip id="truck128" type="truck_truck" depart="2450.09" departLane="best" departSpeed="max" from="-344355078#1" to="404995540#3"/>
    <trip id="truck129" type="truck_truck" depart="2469.23" departLane="best" departSpeed="max" from="382212887" to="398738128"/>
    <trip id="truck130" type="truck_truck" depart="2488.37" departLane="best" from="404983741#0" to="-405180828"/>
    <trip id="truck131" type="truck_truck" depart="2507.51" departLane="best" from="382251676#0" to="185949000#1"/>
    <trip id="truck132" type="truck_truck" depart="2526.65" departLane="best" departSpeed="max" from="382426650#0" to="1123284792#0"/>
    <trip id="truck133" type="truck_truck" depart="2545.79" departLane="best" departSpeed="max" from="-13460105#1" to="-399312999#0"/>
    <trip id="truck134" type="truck_truck" depart="2564.93" departLane="best" from="-186076385#1" to="161809364#2"/>
    <trip id="truck135" type="truck_truck" depart="2584.08" departLane="best" departSpeed="max" from="-13460105#1" to="358727540#4"/>
    <trip id="truck136" type="truck_truck" depart="2603.22" departLane="best" departSpeed="max" from="-382212891#1" to="358727540#4"/>
    <trip id="truck137" type="truck_truck" depart="2622.36" departLane="best" from="193968543#2" to="358727540#4"/>
    <trip id="truck138" type="truck_truck" depart="2641.50" departLane="best" departSpeed="max" from="-382212891#1" to="358727540#4"/>
    <trip id="truck139" type="truck_truck" depart="2660.64" departLane="best" departSpeed="max" from="-13460105#1" to="-382210638#0"/>
    <trip id="truck140" type="truck_truck" depart="2679.78" departLane="best" from="382212884#0" to="13460105#1"/>
    <trip id="truck141" type="truck_truck" depart="2698.92" departLane="best" from="404983741#1" to="-405169147"/>
    <trip id="truck142" type="truck_truck" depart="2718.06" departLane="best" departSpeed="max" from="398740639" to="185949000#1"/>
    <trip id="truck144" type="truck_truck" depart="2756.35" departLane="best" departSpeed="max" from="399312999#0" to="381471428"/>
    <trip id="truck145" type="truck_truck" depart="2775.49" departLane="best" departSpeed="max" from="172603544#0" to="381471428"/>
    <trip id="truck146" type="truck_truck" depart="2794.63" departLane="best" from="399313002#1" to="13460105#1"/>
    <trip id="truck147" type="truck_truck" depart="2813.77" departLane="best" from="407591167#1" to="-382426650#0"/>
    <trip id="truck148" type="truck_truck" depart="2832.91" departLane="best" from="405178831#1" to="-399312999#0"/>
    <trip id="truck149" type="truck_truck" depart="2852.05" departLane="best" departSpeed="max" from="398740639" to="358727540#4"/>
    <trip id="truck150" type="truck_truck" depart="2871.20" departLane="best" departSpeed="max" from="398740639" to="358727540#4"/>
    <trip id="truck151" type="truck_truck" depart="2890.34" departLane="best" from="404995542#0" to="193968543#2"/>
    <trip id="truck152" type="truck_truck" depart="2909.48" departLane="best" from="398740642#1" to="-382209442#0"/>
    <trip id="truck153" type="truck_truck" depart="2928.62" departLane="best" from="-358727540#3" to="-382251676#0"/>
    <trip id="truck154" type="truck_truck" depart="2947.76" departLane="best" departSpeed="max" from="405178831#0" to="-518201967"/>
    <trip id="truck155" type="truck_truck" depart="2966.90" departLane="best" from="-358727540#1" to="13460105#0"/>
    <trip id="truck156" type="truck_truck" depart="2986.04" departLane="best" departSpeed="max" from="399312999#0" to="398740654#0"/>
    <trip id="truck157" type="truck_truck" depart="3005.18" departLane="best" from="-13460105#0" to="-405180828"/>
    <trip id="truck158" type="truck_truck" depart="3024.33" departLane="best" departSpeed="max" from="398740639" to="358727540#4"/>
    <trip id="truck159" type="truck_truck" depart="3043.47" departLane="best" departSpeed="max" from="-398738128" to="399313021#1"/>
    <trip id="truck160" type="truck_truck" depart="3062.61" departLane="best" from="382210638#0" to="13460105#1"/>
    <trip id="truck161" type="truck_truck" depart="3081.75" departLane="best" from="407591167#4" to="-382426650#0"/>
    <trip id="truck162" type="truck_truck" depart="3100.89" departLane="best" departSpeed="max" from="382426650#0" to="-185948985#0"/>
    <trip id="truck163" type="truck_truck" depart="3120.03" departLane="best" from="-405180169#0" to="358727540#4"/>
    <trip id="truck164" type="truck_truck" depart="3139.17" departLane="best" departSpeed="max" from="-13460105#1" to="190478684#0"/>
    <trip id="truck165" type="truck_truck" depart="3158.31" departLane="best" from="404983741#1" to="-405180828"/>
    <trip id="truck166" type="truck_truck" depart="3177.46" departLane="best" departSpeed="max" from="-13460105#1" to="382209442#0"/>
    <trip id="truck167" type="truck_truck" depart="3196.60" departLane="best" from="193968543#2" to="358727540#4"/>
    <trip id="truck168" type="truck_truck" depart="3215.74" departLane="best" from="185949000#1" to="-405180175#0"/>
    <trip id="truck169" type="truck_truck" depart="3234.88" departLane="best" departSpeed="max" from="399312999#0" to="186076385#1"/>
    <trip id="truck171" type="truck_truck" depart="3273.16" departLane="best" departSpeed="max" from="405178831#0" to="-172603544#0"/>
    <trip id="truck172" type="truck_truck" depart="3292.30" departLane="best" departSpeed="max" from="-344355078#1" to="-398740639"/>
    <trip id="truck173" type="truck_truck" depart="3311.44" departLane="best" departSpeed="max" from="-13460105#1" to="344355078#1"/>
    <trip id="truck174" type="truck_truck" depart="3330.59" departLane="best" from="399313002#1" to="-398740639"/>
    <trip id="truck175" type="truck_truck" depart="3349.73" departLane="best" from="-358727540#3" to="382212891#1"/>
    <trip id="truck176" type="truck_truck" depart="3368.87" departLane="best" departSpeed="max" from="-398738128" to="190478684#1"/>
    <trip id="truck177" type="truck_truck" depart="3388.01" departLane="best" departSpeed="max" from="-398738128" to="-381458682#1"/>
    <trip id="truck178" type="truck_truck" depart="3407.15" departLane="best" from="-405180174#1" to="185949000#0"/>
    <trip id="truck179" type="truck_truck" depart="3426.29" departLane="best" departSpeed="max" from="398740639" to="185949000#1"/>
    <trip id="truck180" type="truck_truck" depart="3445.43" departLane="best" from="381471424#0" to="399313002#1"/>
    <trip id="truck181" type="truck_truck" depart="3464.58" departLane="best" departSpeed="max" from="405178831#0" to="190478684#1"/>
    <trip id="truck182" type="truck_truck" depart="3483.72" departLane="best" from="405180175#0" to="161808942"/>
    <trip id="truck183" type="truck_truck" depart="3502.86" departLane="best" from="-399313021#1" to="-398740639"/>
    <trip id="truck184" type="truck_truck" depart="3522.00" departLane="best" from="404983741#1" to="161809364#1"/>
    <trip id="truck185" type="truck_truck" depart="3541.14" departLane="best" departSpeed="max" from="-398738128" to="-405180828"/>
    <trip id="truck186" type="truck_truck" depart="3560.28" departLane="best" departSpeed="max" from="405178831#0" to="358727540#4"/>
    <trip id="truck187" type="truck_truck" depart="3579.42" departLane="best" departSpeed="max" from="405169149" to="398738128"/>
    <trip id="truck188" type="truck_truck" depart="3598.56" departLane="best" departSpeed="max" from="398740639" to="-381458682#2"/>
</routes>
