<?xml version="1.0" encoding="UTF-8"?>

<!-- generated on 2025-02-03 19:08:16.110044 by osmWebWizard.py v1_21_0+0000-d7b3b481c43
<configuration>
    <net-file value="C:\Users\Warren Monteiro\2025-02-03-19-08-00\osm.net.xml.gz"/>
    <output-trip-file value="C:\Users\Warren Monteiro\2025-02-03-19-08-00\osm.bicycle.trips.xml"/>
    <route-file value="C:\Users\Warren Monteiro\2025-02-03-19-08-00\osm.bicycle.rou.xml"/>
    <prefix value="bike"/>
    <trip-attributes value="departLane=&quot;best&quot;"/>
    <fringe-start-attributes value="departSpeed=&quot;max&quot;"/>
    <vehicle-class value="bicycle"/>
    <fringe-factor value="2"/>
    <vclass value="bicycle"/>
    <via-edge-types value="highway.motorway,highway.motorway_link,highway.trunk_link,highway.primary_link,highway.secondary_link,highway.tertiary_link"/>
    <max-distance value="8000.0"/>
    <remove-loops value="True"/>
    <validate value="True"/>
    <insertion-density value="6.0"/>
</configuration>
-->

<!-- generated on 2025-02-03 19:08:15 by Eclipse SUMO duarouter Version 1.21.0
<duarouterConfiguration xmlns:xsi="http://www.w3.org/2001/XMLSchema-instance" xsi:noNamespaceSchemaLocation="http://sumo.dlr.de/xsd/duarouterConfiguration.xsd">

    <input>
        <net-file value="C:\Users\Warren Monteiro\2025-02-03-19-08-00\osm.net.xml.gz"/>
        <route-files value="C:\Users\Warren Monteiro\2025-02-03-19-08-00\osm.bicycle.trips.xml"/>
    </input>

    <output>
        <output-file value="C:\Users\Warren Monteiro\2025-02-03-19-08-00\osm.bicycle.trips.xml.tmp"/>
        <alternatives-output value="NUL"/>
        <write-trips value="true"/>
    </output>

    <processing>
        <remove-loops value="true"/>
    </processing>

    <time>
        <begin value="0.0"/>
        <end value="3600.0"/>
    </time>

    <report>
        <no-warnings value="true"/>
        <ignore-errors value="true"/>
        <no-step-log value="true"/>
    </report>

</duarouterConfiguration>
-->

<routes xmlns:xsi="http://www.w3.org/2001/XMLSchema-instance" xsi:noNamespaceSchemaLocation="http://sumo.dlr.de/xsd/routes_file.xsd">
    <vType id="bike_bicycle" vClass="bicycle"/>
    <trip id="bike0" type="bike_bicycle" depart="0.00" departLane="best" from="301310723#1" to="-1221939159#2"/>
    <trip id="bike1" type="bike_bicycle" depart="6.81" departLane="best" from="-4652045#1" to="446810239#2"/>
    <trip id="bike2" type="bike_bicycle" depart="13.62" departLane="best" from="4321249#13" to="350369106#0"/>
    <trip id="bike3" type="bike_bicycle" depart="20.42" departLane="best" from="-61760485" to="-234365017"/>
    <trip id="bike4" type="bike_bicycle" depart="27.23" departLane="best" from="-83074417#1" to="-1234257292"/>
    <trip id="bike5" type="bike_bicycle" depart="34.04" departLane="best" departSpeed="max" from="-367352837#1" to="-189617875#5"/>
    <trip id="bike6" type="bike_bicycle" depart="40.85" departLane="best" from="-1221939159#1" to="404138420#2"/>
    <trip id="bike7" type="bike_bicycle" depart="47.66" departLane="best" from="30327576#2" to="-234365018#4"/>
    <trip id="bike8" type="bike_bicycle" depart="54.46" departLane="best" from="-373839588#0" to="25822842#1"/>
    <trip id="bike10" type="bike_bicycle" depart="68.08" departLane="best" from="4674785" to="365883396#1"/>
    <trip id="bike11" type="bike_bicycle" depart="74.89" departLane="best" from="-5686878#5" to="-324113525#3"/>
    <trip id="bike12" type="bike_bicycle" depart="81.70" departLane="best" departSpeed="max" from="83073409#0" to="64370254#0"/>
    <trip id="bike13" type="bike_bicycle" depart="88.50" departLane="best" from="-220918245#2" to="-24162504#3"/>
    <trip id="bike14" type="bike_bicycle" depart="95.31" departLane="best" from="553562816#1" to="27616882#0"/>
    <trip id="bike15" type="bike_bicycle" depart="102.12" departLane="best" from="4674805#2" to="43887242#3"/>
    <trip id="bike16" type="bike_bicycle" depart="108.93" departLane="best" from="-205666236#0" to="85400886#0"/>
    <trip id="bike17" type="bike_bicycle" depart="115.74" departLane="best" from="-689943870#0" to="24039430#0"/>
    <trip id="bike18" type="bike_bicycle" depart="122.54" departLane="best" from="5090416#0" to="301310716#2"/>
    <trip id="bike19" type="bike_bicycle" depart="129.35" departLane="best" from="5686836#2" to="248101310#5"/>
    <trip id="bike20" type="bike_bicycle" depart="136.16" departLane="best" from="35159935#1" to="-133596276#0"/>
    <trip id="bike21" type="bike_bicycle" depart="142.97" departLane="best" from="-41694125#2" to="-5085157#0"/>
    <trip id="bike22" type="bike_bicycle" depart="149.78" departLane="best" from="-202992031#0" to="-458698824#0"/>
    <trip id="bike23" type="bike_bicycle" depart="156.58" departLane="best" from="22913838#2" to="-4674874#5"/>
    <trip id="bike24" type="bike_bicycle" depart="163.39" departLane="best" from="301310710#1" to="-737178943#1"/>
    <trip id="bike25" type="bike_bicycle" depart="170.20" departLane="best" departSpeed="max" from="-686365518#1" to="-42965996#2"/>
    <trip id="bike26" type="bike_bicycle" depart="177.01" departLane="best" from="-462718010#0" to="745505114#2"/>
    <trip id="bike27" type="bike_bicycle" depart="183.81" departLane="best" departSpeed="max" from="302116116#0" to="292603460#0"/>
    <trip id="bike28" type="bike_bicycle" depart="190.62" departLane="best" from="30979426#4" to="43887242#2"/>
    <trip id="bike29" type="bike_bicycle" depart="197.43" departLane="best" departSpeed="max" from="-302116116#3" to="-83071646#0"/>
    <trip id="bike30" type="bike_bicycle" depart="204.24" departLane="best" from="908426140#4" to="30979572"/>
    <trip id="bike31" type="bike_bicycle" depart="211.05" departLane="best" from="22891216#1" to="35155370#1"/>
    <trip id="bike34" type="bike_bicycle" depart="231.47" departLane="best" from="-5090442#7" to="-4674711#4"/>
    <trip id="bike35" type="bike_bicycle" depart="238.28" departLane="best" from="-355796009#0" to="774922482#1"/>
    <trip id="bike37" type="bike_bicycle" depart="251.89" departLane="best" from="30979256#1" to="-83329899#0"/>
    <trip id="bike38" type="bike_bicycle" depart="258.70" departLane="best" from="675720668#1" to="1234257294"/>
    <trip id="bike39" type="bike_bicycle" depart="265.51" departLane="best" from="-462718007#0" to="-462718017#0"/>
    <trip id="bike40" type="bike_bicycle" depart="272.32" departLane="best" from="231773844#2" to="-4674578#2"/>
    <trip id="bike41" type="bike_bicycle" depart="279.13" departLane="best" from="24162504#3" to="672184921#2"/>
    <trip id="bike43" type="bike_bicycle" depart="292.74" departLane="best" from="96773680#6" to="20062381#0"/>
    <trip id="bike44" type="bike_bicycle" depart="299.55" departLane="best" from="-220416374#1" to="-133596276#13"/>
    <trip id="bike45" type="bike_bicycle" depart="306.36" departLane="best" from="237887998" to="301674607#1"/>
    <trip id="bike46" type="bike_bicycle" depart="313.17" departLane="best" from="4652071#4" to="-110118921#1"/>
    <trip id="bike47" type="bike_bicycle" depart="319.97" departLane="best" from="133596276#6" to="-83073409#1"/>
    <trip id="bike48" type="bike_bicycle" depart="326.78" departLane="best" from="96773680#3" to="222151619#1"/>
    <trip id="bike49" type="bike_bicycle" depart="333.59" departLane="best" from="83074703#2" to="5686882#2"/>
    <trip id="bike50" type="bike_bicycle" depart="340.40" departLane="best" from="-1125156628#1" to="4321249#1"/>
    <trip id="bike51" type="bike_bicycle" depart="347.21" departLane="best" departSpeed="max" from="34545733#0" to="-22913838#2"/>
    <trip id="bike52" type="bike_bicycle" depart="354.01" departLane="best" from="-462718010#0" to="312668384#0"/>
    <trip id="bike53" type="bike_bicycle" depart="360.82" departLane="best" from="-237888211#0" to="1176135911"/>
    <trip id="bike54" type="bike_bicycle" depart="367.63" departLane="best" from="10070564#2" to="83073623#3"/>
    <trip id="bike55" type="bike_bicycle" depart="374.44" departLane="best" from="-5686878#6" to="4674624#0"/>
    <trip id="bike56" type="bike_bicycle" depart="381.25" departLane="best" from="1262538008#1" to="-35155498#2"/>
    <trip id="bike57" type="bike_bicycle" depart="388.05" departLane="best" from="672184847" to="61760483#0"/>
    <trip id="bike59" type="bike_bicycle" depart="401.67" departLane="best" from="-25795349#3" to="-313284972#1"/>
    <trip id="bike60" type="bike_bicycle" depart="408.48" departLane="best" from="459126886#1" to="231773844#2"/>
    <trip id="bike61" type="bike_bicycle" depart="415.29" departLane="best" from="4652015#3" to="222151621"/>
    <trip id="bike62" type="bike_bicycle" depart="422.09" departLane="best" from="-10070564#2" to="-5686891#0"/>
    <trip id="bike63" type="bike_bicycle" depart="428.90" departLane="best" from="1188204205#3" to="709824132#1"/>
    <trip id="bike64" type="bike_bicycle" depart="435.71" departLane="best" from="5686880#0" to="553564800#1"/>
    <trip id="bike65" type="bike_bicycle" depart="442.52" departLane="best" from="4675957#4" to="189617875#1"/>
    <trip id="bike66" type="bike_bicycle" depart="449.33" departLane="best" from="5686879#4" to="82581185#1"/>
    <trip id="bike67" type="bike_bicycle" depart="456.13" departLane="best" from="-218186575#0" to="-133596276#1"/>
    <trip id="bike69" type="bike_bicycle" depart="469.75" departLane="best" from="460890888#1" to="-299146312#0"/>
    <trip id="bike70" type="bike_bicycle" depart="476.56" departLane="best" from="1168168597#2" to="-237888195#1"/>
    <trip id="bike71" type="bike_bicycle" depart="483.37" departLane="best" from="-462718007#0" to="62057583"/>
    <trip id="bike72" type="bike_bicycle" depart="490.17" departLane="best" from="83074417#3" to="-4321249#0"/>
    <trip id="bike73" type="bike_bicycle" depart="496.98" departLane="best" from="217103554#3" to="43887242#3"/>
    <trip id="bike74" type="bike_bicycle" depart="503.79" departLane="best" from="-35154847#2" to="-553564817#2"/>
    <trip id="bike75" type="bike_bicycle" depart="510.60" departLane="best" from="96773680#2" to="324113527"/>
    <trip id="bike76" type="bike_bicycle" depart="517.41" departLane="best" departSpeed="max" from="-899357651#1" to="-218186575#0"/>
    <trip id="bike77" type="bike_bicycle" depart="524.21" departLane="best" from="-24221132#3" to="-446810242#3"/>
    <trip id="bike78" type="bike_bicycle" depart="531.02" departLane="best" from="-5686875#9" to="25822593#2"/>
    <trip id="bike79" type="bike_bicycle" depart="537.83" departLane="best" from="4212258#3" to="-432710366#2"/>
    <trip id="bike80" type="bike_bicycle" depart="544.64" departLane="best" from="-141693460#2" to="30327576#3"/>
    <trip id="bike81" type="bike_bicycle" depart="551.44" departLane="best" from="-4212258#1" to="688051457"/>
    <trip id="bike82" type="bike_bicycle" depart="558.25" departLane="best" from="-554662592#1" to="220416374#1"/>
    <trip id="bike83" type="bike_bicycle" depart="565.06" departLane="best" from="-4321249#15" to="34551477#2"/>
    <trip id="bike84" type="bike_bicycle" depart="571.87" departLane="best" from="-36355963#3" to="301310716#1"/>
    <trip id="bike85" type="bike_bicycle" depart="578.68" departLane="best" from="705357105#1" to="24221134#1"/>
    <trip id="bike86" type="bike_bicycle" depart="585.48" departLane="best" from="115569515#4" to="4674711#1"/>
    <trip id="bike87" type="bike_bicycle" depart="592.29" departLane="best" from="4674805#3" to="367352837#0"/>
    <trip id="bike89" type="bike_bicycle" depart="605.91" departLane="best" departSpeed="max" from="-83074417#5" to="1262466662"/>
    <trip id="bike90" type="bike_bicycle" depart="612.72" departLane="best" from="4212258#3" to="350177338#1"/>
    <trip id="bike91" type="bike_bicycle" depart="619.52" departLane="best" from="868914753#1" to="-24221125#2"/>
    <trip id="bike92" type="bike_bicycle" depart="626.33" departLane="best" departSpeed="max" from="-772566175#1" to="-656381158#0"/>
    <trip id="bike93" type="bike_bicycle" depart="633.14" departLane="best" from="5686836#2" to="-83071007"/>
    <trip id="bike94" type="bike_bicycle" depart="639.95" departLane="best" from="-34109832#0" to="1220494679#2"/>
    <trip id="bike95" type="bike_bicycle" depart="646.76" departLane="best" from="-83074417#1" to="-4674878#0"/>
    <trip id="bike97" type="bike_bicycle" depart="660.37" departLane="best" from="-908426140#1" to="-5686883#1"/>
    <trip id="bike98" type="bike_bicycle" depart="667.18" departLane="best" from="-222151620" to="-133596276#8"/>
    <trip id="bike99" type="bike_bicycle" depart="673.99" departLane="best" from="991014010#1" to="553564813#11"/>
    <trip id="bike100" type="bike_bicycle" depart="680.80" departLane="best" from="-83074427#0" to="709824129#2"/>
    <trip id="bike101" type="bike_bicycle" depart="687.60" departLane="best" from="553562816#11" to="34109833#2"/>
    <trip id="bike102" type="bike_bicycle" depart="694.41" departLane="best" departSpeed="max" from="1208975721" to="-4321249#13"/>
    <trip id="bike103" type="bike_bicycle" depart="701.22" departLane="best" from="-764040126#1" to="-189617875#4"/>
    <trip id="bike104" type="bike_bicycle" depart="708.03" departLane="best" from="-689943870#1" to="908426140#1"/>
    <trip id="bike105" type="bike_bicycle" depart="714.84" departLane="best" from="462718007#1" to="4674709#0"/>
    <trip id="bike106" type="bike_bicycle" depart="721.64" departLane="best" from="10070564#4" to="-110118921#2"/>
    <trip id="bike107" type="bike_bicycle" depart="728.45" departLane="best" departSpeed="max" from="83073409#0" to="96773680#4"/>
    <trip id="bike108" type="bike_bicycle" depart="735.26" departLane="best" departSpeed="max" from="224315807#0" to="42965996#3"/>
    <trip id="bike109" type="bike_bicycle" depart="742.07" departLane="best" from="301310716#2" to="-5105841#1"/>
    <trip id="bike110" type="bike_bicycle" depart="748.88" departLane="best" from="-83074427#0" to="249842974#1"/>
    <trip id="bike111" type="bike_bicycle" depart="755.68" departLane="best" from="218186575#5" to="459387128#1"/>
    <trip id="bike112" type="bike_bicycle" depart="762.49" departLane="best" from="-1333144881" to="25795349#3"/>
    <trip id="bike113" type="bike_bicycle" depart="769.30" departLane="best" from="1263683890#0" to="5686877#1"/>
    <trip id="bike114" type="bike_bicycle" depart="776.11" departLane="best" from="-301310723#1" to="83074417#5"/>
    <trip id="bike115" type="bike_bicycle" depart="782.92" departLane="best" departSpeed="max" from="-202992031#1" to="-355796009#1"/>
    <trip id="bike116" type="bike_bicycle" depart="789.72" departLane="best" from="24221134#1" to="350196866#2"/>
    <trip id="bike117" type="bike_bicycle" depart="796.53" departLane="best" from="4321249#1" to="-25823466#0"/>
    <trip id="bike118" type="bike_bicycle" depart="803.34" departLane="best" from="61760482#0" to="-462718012#2"/>
    <trip id="bike119" type="bike_bicycle" depart="810.15" departLane="best" from="24221134#0" to="301310717#0"/>
    <trip id="bike120" type="bike_bicycle" depart="816.96" departLane="best" departSpeed="max" from="-83074410#2" to="-25795349#2"/>
    <trip id="bike121" type="bike_bicycle" depart="823.76" departLane="best" departSpeed="max" from="1346648061#0" to="737178943#2"/>
    <trip id="bike122" type="bike_bicycle" depart="830.57" departLane="best" from="35155498#2" to="-4212258#6"/>
    <trip id="bike123" type="bike_bicycle" depart="837.38" departLane="best" from="4321249#2" to="-83329899#1"/>
    <trip id="bike124" type="bike_bicycle" depart="844.19" departLane="best" from="-33243155#7" to="-542549034#1"/>
    <trip id="bike125" type="bike_bicycle" depart="851.00" departLane="best" from="-5105840#1" to="462702793#1"/>
    <trip id="bike126" type="bike_bicycle" depart="857.80" departLane="best" from="-141694066#0" to="-1234257292"/>
    <trip id="bike127" type="bike_bicycle" depart="864.61" departLane="best" from="969625974#2" to="96773680#5"/>
    <trip id="bike128" type="bike_bicycle" depart="871.42" departLane="best" from="-181668751" to="-4321249#12"/>
    <trip id="bike129" type="bike_bicycle" depart="878.23" departLane="best" from="462718007#1" to="737177263"/>
    <trip id="bike130" type="bike_bicycle" depart="885.04" departLane="best" from="5686882#1" to="6299077#2"/>
    <trip id="bike131" type="bike_bicycle" depart="891.84" departLane="best" departSpeed="max" from="-686365518#1" to="-33243155#11"/>
    <trip id="bike132" type="bike_bicycle" depart="898.65" departLane="best" from="5090442#8" to="373839588#0"/>
    <trip id="bike133" type="bike_bicycle" depart="905.46" departLane="best" from="25795354#2" to="908426140#4"/>
    <trip id="bike134" type="bike_bicycle" depart="912.27" departLane="best" from="30759116#1" to="-1058110464#2"/>
    <trip id="bike135" type="bike_bicycle" depart="919.07" departLane="best" from="4675951#2" to="-538037286#0"/>
    <trip id="bike136" type="bike_bicycle" depart="925.88" departLane="best" from="314651046" to="764040126#1"/>
    <trip id="bike137" type="bike_bicycle" depart="932.69" departLane="best" from="25822764#1" to="-25795354#2"/>
    <trip id="bike138" type="bike_bicycle" depart="939.50" departLane="best" from="234365017" to="24039430#2"/>
    <trip id="bike139" type="bike_bicycle" depart="946.31" departLane="best" from="-4652040#0" to="27616882#1"/>
    <trip id="bike140" type="bike_bicycle" depart="953.11" departLane="best" from="381084331" to="-41694125#2"/>
    <trip id="bike141" type="bike_bicycle" depart="959.92" departLane="best" from="299146312#2" to="4674624#1"/>
    <trip id="bike142" type="bike_bicycle" depart="966.73" departLane="best" from="1227515561#1" to="688051457"/>
    <trip id="bike143" type="bike_bicycle" depart="973.54" departLane="best" from="553562814#3" to="-237888210"/>
    <trip id="bike144" type="bike_bicycle" depart="980.35" departLane="best" departSpeed="max" from="-83074417#5" to="-4674874#2"/>
    <trip id="bike146" type="bike_bicycle" depart="993.96" departLane="best" from="301310716#0" to="-466367521#1"/>
    <trip id="bike147" type="bike_bicycle" depart="1000.77" departLane="best" departSpeed="max" from="432710366#0" to="237888211#0"/>
    <trip id="bike148" type="bike_bicycle" depart="1007.58" departLane="best" from="83113610#0" to="1125156627#1"/>
    <trip id="bike149" type="bike_bicycle" depart="1014.39" departLane="best" from="189617875#5" to="638886637#1"/>
    <trip id="bike150" type="bike_bicycle" depart="1021.19" departLane="best" from="653478604#1" to="23447979#1"/>
    <trip id="bike151" type="bike_bicycle" depart="1028.00" departLane="best" from="5105840#2" to="25795313#1"/>
    <trip id="bike152" type="bike_bicycle" depart="1034.81" departLane="best" from="-299146312#3" to="292603461#3"/>
    <trip id="bike153" type="bike_bicycle" depart="1041.62" departLane="best" from="-4675957#5" to="-683394500#1"/>
    <trip id="bike154" type="bike_bicycle" depart="1048.43" departLane="best" from="466367521#1" to="-222151618#7"/>
    <trip id="bike155" type="bike_bicycle" depart="1055.23" departLane="best" from="-6299077#2" to="42965996#3"/>
    <trip id="bike156" type="bike_bicycle" depart="1062.04" departLane="best" from="-446999755" to="-24221132#4"/>
    <trip id="bike157" type="bike_bicycle" depart="1068.85" departLane="best" from="4652038#2" to="64370254#3"/>
    <trip id="bike158" type="bike_bicycle" depart="1075.66" departLane="best" from="-799520626#2" to="301310717#1"/>
    <trip id="bike159" type="bike_bicycle" depart="1082.47" departLane="best" from="-301310716#2" to="709824132#1"/>
    <trip id="bike160" type="bike_bicycle" depart="1089.27" departLane="best" departSpeed="max" from="5686860#0" to="868914747#0"/>
    <trip id="bike162" type="bike_bicycle" depart="1102.89" departLane="best" departSpeed="max" from="-1220494679#2" to="446822995#2"/>
    <trip id="bike163" type="bike_bicycle" depart="1109.70" departLane="best" from="-553564817#2" to="715189480#1"/>
    <trip id="bike164" type="bike_bicycle" depart="1116.51" departLane="best" from="4674711#2" to="5686891#2"/>
    <trip id="bike166" type="bike_bicycle" depart="1130.12" departLane="best" from="4652060" to="248101310#4"/>
    <trip id="bike167" type="bike_bicycle" depart="1136.93" departLane="best" from="5686876#1" to="5686880#1"/>
    <trip id="bike168" type="bike_bicycle" depart="1143.74" departLane="best" from="-377481118#0" to="5213460#3"/>
    <trip id="bike169" type="bike_bicycle" depart="1150.55" departLane="best" from="10390228#1" to="-553562814#3"/>
    <trip id="bike170" type="bike_bicycle" depart="1157.35" departLane="best" from="466367519" to="-446999755"/>
    <trip id="bike171" type="bike_bicycle" depart="1164.16" departLane="best" from="1208975720#6" to="-373839588#1"/>
    <trip id="bike172" type="bike_bicycle" depart="1170.97" departLane="best" from="553562816#11" to="5686891#4"/>
    <trip id="bike173" type="bike_bicycle" depart="1177.78" departLane="best" from="-83074423#1" to="-4674878#1"/>
    <trip id="bike174" type="bike_bicycle" depart="1184.59" departLane="best" from="301316272#0" to="-868914740"/>
    <trip id="bike175" type="bike_bicycle" depart="1191.39" departLane="best" from="868914746#1" to="22891216#1"/>
    <trip id="bike176" type="bike_bicycle" depart="1198.20" departLane="best" departSpeed="max" from="72835972" to="-25795354#2"/>
    <trip id="bike177" type="bike_bicycle" depart="1205.01" departLane="best" departSpeed="max" from="83074435#0" to="-35155498#2"/>
    <trip id="bike178" type="bike_bicycle" depart="1211.82" departLane="best" from="83074411#1" to="-4674632#2"/>
    <trip id="bike179" type="bike_bicycle" depart="1218.63" departLane="best" from="-23474916#1" to="-1168168597#3"/>
    <trip id="bike180" type="bike_bicycle" depart="1225.43" departLane="best" from="-4212258#2" to="-5686837#2"/>
    <trip id="bike181" type="bike_bicycle" depart="1232.24" departLane="best" from="25714347#2" to="202992031#1"/>
    <trip id="bike182" type="bike_bicycle" depart="1239.05" departLane="best" departSpeed="max" from="-69845579#2" to="248101310#4"/>
    <trip id="bike183" type="bike_bicycle" depart="1245.86" departLane="best" from="-458503768#2" to="4000043#1"/>
    <trip id="bike184" type="bike_bicycle" depart="1252.67" departLane="best" from="-10070564#4" to="707964267#4"/>
    <trip id="bike185" type="bike_bicycle" depart="1259.47" departLane="best" from="217103554#2" to="4321248#1"/>
    <trip id="bike186" type="bike_bicycle" depart="1266.28" departLane="best" departSpeed="max" from="432710366#0" to="34551477#6"/>
    <trip id="bike188" type="bike_bicycle" depart="1279.90" departLane="best" from="31825534#0" to="-62058057#1"/>
    <trip id="bike189" type="bike_bicycle" depart="1286.70" departLane="best" from="-5090442#2" to="-5686875#10"/>
    <trip id="bike190" type="bike_bicycle" depart="1293.51" departLane="best" departSpeed="max" from="389635827#0" to="-542549034#1"/>
    <trip id="bike191" type="bike_bicycle" depart="1300.32" departLane="best" from="468563692#2" to="-9423182#1"/>
    <trip id="bike192" type="bike_bicycle" depart="1307.13" departLane="best" departSpeed="max" from="-772566175#1" to="5105840#1"/>
    <trip id="bike193" type="bike_bicycle" depart="1313.94" departLane="best" from="-248101310#3" to="1058110464#2"/>
    <trip id="bike194" type="bike_bicycle" depart="1320.74" departLane="best" from="737177261#1" to="350369106#1"/>
    <trip id="bike195" type="bike_bicycle" depart="1327.55" departLane="best" from="64370254#4" to="301310710#1"/>
    <trip id="bike196" type="bike_bicycle" depart="1334.36" departLane="best" from="4674878#0" to="23474916#1"/>
    <trip id="bike197" type="bike_bicycle" depart="1341.17" departLane="best" from="-10070564#0" to="-468563688#0"/>
    <trip id="bike198" type="bike_bicycle" depart="1347.98" departLane="best" departSpeed="max" from="-83329898" to="25365934#0"/>
    <trip id="bike200" type="bike_bicycle" depart="1361.59" departLane="best" departSpeed="max" from="-900926532#1" to="656381157#1"/>
    <trip id="bike201" type="bike_bicycle" depart="1368.40" departLane="best" from="115569515#5" to="686365518#0"/>
    <trip id="bike202" type="bike_bicycle" depart="1375.21" departLane="best" from="466367521#1" to="34545817#1"/>
    <trip id="bike203" type="bike_bicycle" depart="1382.02" departLane="best" from="217103554#3" to="21674222#1"/>
    <trip id="bike204" type="bike_bicycle" depart="1388.82" departLane="best" from="292603461#5" to="633954887"/>
    <trip id="bike205" type="bike_bicycle" depart="1395.63" departLane="best" from="-4675951#6" to="462566739#2"/>
    <trip id="bike206" type="bike_bicycle" depart="1402.44" departLane="best" from="-33651795#2" to="-446810242#3"/>
    <trip id="bike207" type="bike_bicycle" depart="1409.25" departLane="best" from="34551570#2" to="-1221939159#1"/>
    <trip id="bike208" type="bike_bicycle" depart="1416.06" departLane="best" from="-446810239#1" to="12906873#1"/>
    <trip id="bike209" type="bike_bicycle" depart="1422.86" departLane="best" from="553562816#5" to="-222151618#4"/>
    <trip id="bike210" type="bike_bicycle" depart="1429.67" departLane="best" from="83071646#1" to="302116116#3"/>
    <trip id="bike211" type="bike_bicycle" depart="1436.48" departLane="best" from="-34545779#0" to="355796010#1"/>
    <trip id="bike212" type="bike_bicycle" depart="1443.29" departLane="best" from="1234257294" to="-462718010#0"/>
    <trip id="bike213" type="bike_bicycle" depart="1450.10" departLane="best" from="30979258#0" to="-10390227#4"/>
    <trip id="bike214" type="bike_bicycle" depart="1456.90" departLane="best" from="-446810243#1" to="4652062#3"/>
    <trip id="bike215" type="bike_bicycle" depart="1463.71" departLane="best" from="-234365018#2" to="1134762185#1"/>
    <trip id="bike216" type="bike_bicycle" depart="1470.52" departLane="best" from="313284972#1" to="83074417#0"/>
    <trip id="bike217" type="bike_bicycle" depart="1477.33" departLane="best" from="-133596276#8" to="-133596276#7"/>
    <trip id="bike218" type="bike_bicycle" depart="1484.14" departLane="best" from="-446998087" to="5686875#10"/>
    <trip id="bike219" type="bike_bicycle" depart="1490.94" departLane="best" departSpeed="max" from="10390225#0" to="4675951#5"/>
    <trip id="bike221" type="bike_bicycle" depart="1504.56" departLane="best" from="24221134#2" to="-83071008#1"/>
    <trip id="bike222" type="bike_bicycle" depart="1511.37" departLane="best" from="61760484#1" to="301310706"/>
    <trip id="bike223" type="bike_bicycle" depart="1518.18" departLane="best" departSpeed="max" from="389635827#0" to="189617875#4"/>
    <trip id="bike224" type="bike_bicycle" depart="1524.98" departLane="best" from="5090416#4" to="23448052#2"/>
    <trip id="bike225" type="bike_bicycle" depart="1531.79" departLane="best" from="538037287#4" to="458503768#2"/>
    <trip id="bike226" type="bike_bicycle" depart="1538.60" departLane="best" from="1168168596#4" to="466367518#1"/>
    <trip id="bike227" type="bike_bicycle" depart="1545.41" departLane="best" from="-446810243#0" to="30979426#2"/>
    <trip id="bike228" type="bike_bicycle" depart="1552.22" departLane="best" from="460890888#1" to="219106226#1"/>
    <trip id="bike230" type="bike_bicycle" depart="1565.83" departLane="best" from="-195242862#0" to="-4675957#4"/>
    <trip id="bike231" type="bike_bicycle" depart="1572.64" departLane="best" from="-464926336" to="-5686875#9"/>
    <trip id="bike232" type="bike_bicycle" depart="1579.45" departLane="best" from="218186575#1" to="-301316277#1"/>
    <trip id="bike233" type="bike_bicycle" depart="1586.26" departLane="best" from="-4212258#6" to="62058056#0"/>
    <trip id="bike234" type="bike_bicycle" depart="1593.06" departLane="best" from="-35159936#2" to="-217103554#2"/>
    <trip id="bike235" type="bike_bicycle" depart="1599.87" departLane="best" departSpeed="max" from="-799520626#3" to="-234365018#3"/>
    <trip id="bike236" type="bike_bicycle" depart="1606.68" departLane="best" from="-83073623#1" to="4212258#3"/>
    <trip id="bike237" type="bike_bicycle" depart="1613.49" departLane="best" from="-83074411#1" to="688051457"/>
    <trip id="bike238" type="bike_bicycle" depart="1620.29" departLane="best" from="-24162504#2" to="355796009#2"/>
    <trip id="bike239" type="bike_bicycle" depart="1627.10" departLane="best" from="553564813#4" to="4652040#1"/>
    <trip id="bike240" type="bike_bicycle" depart="1633.91" departLane="best" from="-693740157#0" to="-10390227#4"/>
    <trip id="bike241" type="bike_bicycle" depart="1640.72" departLane="best" from="-6299077#1" to="462718008"/>
    <trip id="bike242" type="bike_bicycle" depart="1647.53" departLane="best" from="553564802#6" to="-83073623#2"/>
    <trip id="bike243" type="bike_bicycle" depart="1654.33" departLane="best" departSpeed="max" from="-83074410#2" to="459312669#1"/>
    <trip id="bike244" type="bike_bicycle" depart="1661.14" departLane="best" from="220917994" to="26696900#1"/>
    <trip id="bike245" type="bike_bicycle" depart="1667.95" departLane="best" from="-373839588#1" to="-432710366#0"/>
    <trip id="bike246" type="bike_bicycle" depart="1674.76" departLane="best" from="868914753#0" to="-1234257291"/>
    <trip id="bike247" type="bike_bicycle" depart="1681.57" departLane="best" from="-5686875#10" to="35154256#3"/>
    <trip id="bike248" type="bike_bicycle" depart="1688.37" departLane="best" from="-774922482#0" to="-34109831#1"/>
    <trip id="bike249" type="bike_bicycle" depart="1695.18" departLane="best" departSpeed="max" from="1134762188#0" to="292603461#5"/>
    <trip id="bike250" type="bike_bicycle" depart="1701.99" departLane="best" from="-25823465#0" to="1232401926#0"/>
    <trip id="bike251" type="bike_bicycle" depart="1708.80" departLane="best" from="-709824132#0" to="-24221125#2"/>
    <trip id="bike252" type="bike_bicycle" depart="1715.61" departLane="best" from="1221939159#2" to="312669014#3"/>
    <trip id="bike253" type="bike_bicycle" depart="1722.41" departLane="best" from="-25823261#1" to="1234815697"/>
    <trip id="bike254" type="bike_bicycle" depart="1729.22" departLane="best" departSpeed="max" from="-127854092" to="-83071646#0"/>
    <trip id="bike255" type="bike_bicycle" depart="1736.03" departLane="best" from="-355796009#1" to="-6038443#0"/>
    <trip id="bike256" type="bike_bicycle" depart="1742.84" departLane="best" departSpeed="max" from="458698824#0" to="-83071646#0"/>
    <trip id="bike257" type="bike_bicycle" depart="1749.65" departLane="best" from="446822995#1" to="553564800#1"/>
    <trip id="bike259" type="bike_bicycle" depart="1763.26" departLane="best" from="-1188204205#3" to="-231773844#2"/>
    <trip id="bike260" type="bike_bicycle" depart="1770.07" departLane="best" from="991014010#3" to="689943870#1"/>
    <trip id="bike261" type="bike_bicycle" depart="1776.88" departLane="best" from="-30327576#2" to="4674624#1"/>
    <trip id="bike262" type="bike_bicycle" depart="1783.69" departLane="best" from="-30327576#7" to="462718009"/>
    <trip id="bike263" type="bike_bicycle" depart="1790.49" departLane="best" from="-82581185#1" to="-404138421#2"/>
    <trip id="bike264" type="bike_bicycle" depart="1797.30" departLane="best" departSpeed="max" from="-1192162006#2" to="-313284972#0"/>
    <trip id="bike265" type="bike_bicycle" depart="1804.11" departLane="best" from="-5686891#0" to="34551477#4"/>
    <trip id="bike266" type="bike_bicycle" depart="1810.92" departLane="best" from="234364931#1" to="4321249#9"/>
    <trip id="bike267" type="bike_bicycle" depart="1817.73" departLane="best" from="35155373#0" to="1232401926#0"/>
    <trip id="bike268" type="bike_bicycle" depart="1824.53" departLane="best" from="-30759116#0" to="292021138#4"/>
    <trip id="bike269" type="bike_bicycle" depart="1831.34" departLane="best" from="446810239#1" to="-25795354#1"/>
    <trip id="bike270" type="bike_bicycle" depart="1838.15" departLane="best" departSpeed="max" from="4675953#0" to="83074427#1"/>
    <trip id="bike271" type="bike_bicycle" depart="1844.96" departLane="best" from="-23474916#1" to="1228848138#0"/>
    <trip id="bike272" type="bike_bicycle" depart="1851.77" departLane="best" from="-5090416#1" to="350369106#1"/>
    <trip id="bike273" type="bike_bicycle" depart="1858.57" departLane="best" departSpeed="max" from="83073409#0" to="-83329899#3"/>
    <trip id="bike274" type="bike_bicycle" depart="1865.38" departLane="best" from="373839588#1" to="-222151622#3"/>
    <trip id="bike275" type="bike_bicycle" depart="1872.19" departLane="best" from="350177333#1" to="301674607#0"/>
    <trip id="bike276" type="bike_bicycle" depart="1879.00" departLane="best" from="-229439555#2" to="4652070#0"/>
    <trip id="bike277" type="bike_bicycle" depart="1885.81" departLane="best" from="553562816#6" to="25823761#1"/>
    <trip id="bike278" type="bike_bicycle" depart="1892.61" departLane="best" from="-24221132#3" to="900926532#0"/>
    <trip id="bike279" type="bike_bicycle" depart="1899.42" departLane="best" from="-4652040#1" to="688051458#3"/>
    <trip id="bike280" type="bike_bicycle" depart="1906.23" departLane="best" from="83113610#1" to="-82580739#1"/>
    <trip id="bike281" type="bike_bicycle" depart="1913.04" departLane="best" from="-1264796174#2" to="-670570761#0"/>
    <trip id="bike282" type="bike_bicycle" depart="1919.85" departLane="best" from="553562816#5" to="542553251#2"/>
    <trip id="bike283" type="bike_bicycle" depart="1926.65" departLane="best" from="-234365017" to="83074417#5"/>
    <trip id="bike284" type="bike_bicycle" depart="1933.46" departLane="best" from="301310710#1" to="-553562816#11"/>
    <trip id="bike285" type="bike_bicycle" depart="1940.27" departLane="best" from="64370254#4" to="1176135911"/>
    <trip id="bike286" type="bike_bicycle" depart="1947.08" departLane="best" from="4321248#1" to="83074703#2"/>
    <trip id="bike287" type="bike_bicycle" depart="1953.89" departLane="best" from="-462718018#0" to="5085157#1"/>
    <trip id="bike288" type="bike_bicycle" depart="1960.69" departLane="best" from="-217103554#1" to="1334966584"/>
    <trip id="bike289" type="bike_bicycle" depart="1967.50" departLane="best" from="868914752#1" to="-446784162#0"/>
    <trip id="bike290" type="bike_bicycle" depart="1974.31" departLane="best" from="-462718012#1" to="5686876#2"/>
    <trip id="bike291" type="bike_bicycle" depart="1981.12" departLane="best" from="5090416#4" to="-234365017"/>
    <trip id="bike292" type="bike_bicycle" depart="1987.92" departLane="best" from="5686883#1" to="462718012#1"/>
    <trip id="bike293" type="bike_bicycle" depart="1994.73" departLane="best" from="1125156628#1" to="292603461#5"/>
    <trip id="bike294" type="bike_bicycle" depart="2001.54" departLane="best" from="-689943870#1" to="-1234257290"/>
    <trip id="bike295" type="bike_bicycle" depart="2008.35" departLane="best" from="553562816#9" to="-35159933#1"/>
    <trip id="bike296" type="bike_bicycle" depart="2015.16" departLane="best" from="-355796009#2" to="-4674878#0"/>
    <trip id="bike297" type="bike_bicycle" depart="2021.96" departLane="best" from="-5686878#5" to="-633954886#1"/>
    <trip id="bike298" type="bike_bicycle" depart="2028.77" departLane="best" from="35155498#3" to="-4674874#1"/>
    <trip id="bike299" type="bike_bicycle" depart="2035.58" departLane="best" from="-110118921#2" to="83071006#0"/>
    <trip id="bike300" type="bike_bicycle" depart="2042.39" departLane="best" from="-218186575#0" to="4321249#0"/>
    <trip id="bike301" type="bike_bicycle" depart="2049.20" departLane="best" from="1227515561#1" to="462718017#1"/>
    <trip id="bike304" type="bike_bicycle" depart="2069.62" departLane="best" from="-220918438#0" to="435644179"/>
    <trip id="bike305" type="bike_bicycle" depart="2076.43" departLane="best" from="350369104#1" to="-553562816#0"/>
    <trip id="bike306" type="bike_bicycle" depart="2083.24" departLane="best" from="24162485#1" to="-1264777205#0"/>
    <trip id="bike307" type="bike_bicycle" depart="2090.04" departLane="best" from="189617875#5" to="1134762185#2"/>
    <trip id="bike308" type="bike_bicycle" depart="2096.85" departLane="best" departSpeed="max" from="44522122#0" to="-62058564"/>
    <trip id="bike309" type="bike_bicycle" depart="2103.66" departLane="best" from="35155499#2" to="-4674785"/>
    <trip id="bike310" type="bike_bicycle" depart="2110.47" departLane="best" from="-45155111#2" to="-25823466#1"/>
    <trip id="bike311" type="bike_bicycle" depart="2117.28" departLane="best" from="34121615#1" to="-25823466#0"/>
    <trip id="bike312" type="bike_bicycle" depart="2124.08" departLane="best" from="-202992031#0" to="4652015#4"/>
    <trip id="bike313" type="bike_bicycle" depart="2130.89" departLane="best" from="-33243155#4" to="-4321249#6"/>
    <trip id="bike314" type="bike_bicycle" depart="2137.70" departLane="best" from="1208975720#4" to="4321249#5"/>
    <trip id="bike315" type="bike_bicycle" depart="2144.51" departLane="best" departSpeed="max" from="851568845#0" to="220416374#2"/>
    <trip id="bike316" type="bike_bicycle" depart="2151.32" departLane="best" departSpeed="max" from="-466367520" to="-24221130#1"/>
    <trip id="bike317" type="bike_bicycle" depart="2158.12" departLane="best" from="-34545779#0" to="446999759"/>
    <trip id="bike318" type="bike_bicycle" depart="2164.93" departLane="best" from="324113525#3" to="-1168168597#2"/>
    <trip id="bike320" type="bike_bicycle" depart="2178.55" departLane="best" from="83329899#3" to="24039430#2"/>
    <trip id="bike321" type="bike_bicycle" depart="2185.36" departLane="best" from="35155370#0" to="292603460#0"/>
    <trip id="bike322" type="bike_bicycle" depart="2192.16" departLane="best" from="5686875#1" to="-133596276#9"/>
    <trip id="bike323" type="bike_bicycle" depart="2198.97" departLane="best" from="5686876#2" to="24781234#1"/>
    <trip id="bike324" type="bike_bicycle" depart="2205.78" departLane="best" departSpeed="max" from="1138820018#0" to="1192162006#2"/>
    <trip id="bike325" type="bike_bicycle" depart="2212.59" departLane="best" from="33243155#3" to="-133596276#9"/>
    <trip id="bike326" type="bike_bicycle" depart="2219.40" departLane="best" from="-737178943#1" to="-1292418307#0"/>
    <trip id="bike327" type="bike_bicycle" depart="2226.20" departLane="best" from="4675957#2" to="-868914746#1"/>
    <trip id="bike328" type="bike_bicycle" depart="2233.01" departLane="best" from="-189617875#3" to="-302116116#1"/>
    <trip id="bike330" type="bike_bicycle" depart="2246.63" departLane="best" departSpeed="max" from="234364830#0" to="-553562814#1"/>
    <trip id="bike331" type="bike_bicycle" depart="2253.44" departLane="best" from="-963501061" to="25823370#0"/>
    <trip id="bike332" type="bike_bicycle" depart="2260.24" departLane="best" from="459387128#2" to="-292021138#2"/>
    <trip id="bike333" type="bike_bicycle" depart="2267.05" departLane="best" from="4652070#0" to="-446810243#1"/>
    <trip id="bike334" type="bike_bicycle" depart="2273.86" departLane="best" departSpeed="max" from="1346648061#0" to="1224803349"/>
    <trip id="bike335" type="bike_bicycle" depart="2280.67" departLane="best" from="-908426140#1" to="5686882#1"/>
    <trip id="bike336" type="bike_bicycle" depart="2287.48" departLane="best" departSpeed="max" from="908426147" to="-553562814#3"/>
    <trip id="bike337" type="bike_bicycle" depart="2294.28" departLane="best" from="25823459#1" to="292603460#1"/>
    <trip id="bike338" type="bike_bicycle" depart="2301.09" departLane="best" from="4321249#8" to="-83071003#1"/>
    <trip id="bike339" type="bike_bicycle" depart="2307.90" departLane="best" from="-35159933#1" to="-4321248#1"/>
    <trip id="bike341" type="bike_bicycle" depart="2321.52" departLane="best" from="-312668384#0" to="222151620"/>
    <trip id="bike342" type="bike_bicycle" depart="2328.32" departLane="best" from="-10070564#5" to="1224803349"/>
    <trip id="bike343" type="bike_bicycle" depart="2335.13" departLane="best" from="24221133#1" to="-5090416#1"/>
    <trip id="bike344" type="bike_bicycle" depart="2341.94" departLane="best" from="4212258#7" to="381084334#0"/>
    <trip id="bike345" type="bike_bicycle" depart="2348.75" departLane="best" from="-35155500" to="1228848138#0"/>
    <trip id="bike347" type="bike_bicycle" depart="2362.36" departLane="best" departSpeed="max" from="4652062#0" to="-301316277#1"/>
    <trip id="bike348" type="bike_bicycle" depart="2369.17" departLane="best" from="312669017#1" to="737177263"/>
    <trip id="bike349" type="bike_bicycle" depart="2375.98" departLane="best" from="83074422#2" to="-234365017"/>
    <trip id="bike350" type="bike_bicycle" depart="2382.79" departLane="best" from="301674607#3" to="689943772#0"/>
    <trip id="bike351" type="bike_bicycle" depart="2389.59" departLane="best" from="468563692#2" to="-220918245#2"/>
    <trip id="bike352" type="bike_bicycle" depart="2396.40" departLane="best" from="-30327576#7" to="-553562816#11"/>
    <trip id="bike353" type="bike_bicycle" depart="2403.21" departLane="best" from="446810242#1" to="-24221132#4"/>
    <trip id="bike354" type="bike_bicycle" depart="2410.02" departLane="best" from="4674632#2" to="-292021138#4"/>
    <trip id="bike355" type="bike_bicycle" depart="2416.83" departLane="best" departSpeed="max" from="34614465#0" to="366602166"/>
    <trip id="bike356" type="bike_bicycle" depart="2423.63" departLane="best" from="745505114#2" to="-141693460#2"/>
    <trip id="bike357" type="bike_bicycle" depart="2430.44" departLane="best" from="-1234257292" to="-22913838#1"/>
    <trip id="bike359" type="bike_bicycle" depart="2444.06" departLane="best" from="-542553251#2" to="-4652041#2"/>
    <trip id="bike360" type="bike_bicycle" depart="2450.87" departLane="best" departSpeed="max" from="-220416374#2" to="83074422#2"/>
    <trip id="bike361" type="bike_bicycle" depart="2457.67" departLane="best" from="5213460#1" to="24781234#5"/>
    <trip id="bike362" type="bike_bicycle" depart="2464.48" departLane="best" from="83071006#0" to="991014010#3"/>
    <trip id="bike363" type="bike_bicycle" depart="2471.29" departLane="best" from="-33243155#8" to="-4674711#8"/>
    <trip id="bike365" type="bike_bicycle" depart="2484.91" departLane="best" departSpeed="max" from="115569515#0" to="327008123#1"/>
    <trip id="bike366" type="bike_bicycle" depart="2491.71" departLane="best" from="683394500#1" to="35155500"/>
    <trip id="bike367" type="bike_bicycle" depart="2498.52" departLane="best" from="24162504#4" to="-30759116#1"/>
    <trip id="bike368" type="bike_bicycle" depart="2505.33" departLane="best" departSpeed="max" from="1234257289" to="-237888195#1"/>
    <trip id="bike369" type="bike_bicycle" depart="2512.14" departLane="best" from="-61760485" to="6299077#2"/>
    <trip id="bike370" type="bike_bicycle" depart="2518.95" departLane="best" from="33243155#13" to="5686880#0"/>
    <trip id="bike371" type="bike_bicycle" depart="2525.75" departLane="best" from="553562816#6" to="35565361#2"/>
    <trip id="bike372" type="bike_bicycle" depart="2532.56" departLane="best" from="4674632#1" to="799520626#3"/>
    <trip id="bike373" type="bike_bicycle" depart="2539.37" departLane="best" from="4674874#3" to="-237888195#3"/>
    <trip id="bike375" type="bike_bicycle" depart="2552.99" departLane="best" from="-547634984" to="-847811567#1"/>
    <trip id="bike376" type="bike_bicycle" depart="2559.79" departLane="best" from="-774922482#0" to="21674178#1"/>
    <trip id="bike377" type="bike_bicycle" depart="2566.60" departLane="best" from="908426140#2" to="33651796#1"/>
    <trip id="bike378" type="bike_bicycle" depart="2573.41" departLane="best" from="218186575#5" to="10070564#2"/>
    <trip id="bike379" type="bike_bicycle" depart="2580.22" departLane="best" from="-33651799#2" to="-707964265#1"/>
    <trip id="bike380" type="bike_bicycle" depart="2587.03" departLane="best" departSpeed="max" from="456341916#0" to="301316277#2"/>
    <trip id="bike381" type="bike_bicycle" depart="2593.83" departLane="best" from="-458503768#1" to="-41694125#2"/>
    <trip id="bike382" type="bike_bicycle" depart="2600.64" departLane="best" from="222151618#8" to="709824130#2"/>
    <trip id="bike383" type="bike_bicycle" depart="2607.45" departLane="best" departSpeed="max" from="-899357651#1" to="365883396#1"/>
    <trip id="bike384" type="bike_bicycle" depart="2614.26" departLane="best" from="-24221132#4" to="85400886#0"/>
    <trip id="bike385" type="bike_bicycle" depart="2621.07" departLane="best" from="25795349#2" to="-462566740"/>
    <trip id="bike386" type="bike_bicycle" depart="2627.87" departLane="best" departSpeed="max" from="-301310724#2" to="237888210"/>
    <trip id="bike387" type="bike_bicycle" depart="2634.68" departLane="best" from="222151622#4" to="-24039435#0"/>
    <trip id="bike388" type="bike_bicycle" depart="2641.49" departLane="best" departSpeed="max" from="945321673" to="693740157#0"/>
    <trip id="bike389" type="bike_bicycle" depart="2648.30" departLane="best" from="1058110464#1" to="-25823089#1"/>
    <trip id="bike390" type="bike_bicycle" depart="2655.11" departLane="best" from="-5090442#3" to="1355102350"/>
    <trip id="bike391" type="bike_bicycle" depart="2661.91" departLane="best" departSpeed="max" from="373839589" to="195242862#1"/>
    <trip id="bike392" type="bike_bicycle" depart="2668.72" departLane="best" from="-4652041#2" to="553564811#1"/>
    <trip id="bike393" type="bike_bicycle" depart="2675.53" departLane="best" from="868914740" to="-462718010#0"/>
    <trip id="bike394" type="bike_bicycle" depart="2682.34" departLane="best" from="222151621" to="-83073623#2"/>
    <trip id="bike395" type="bike_bicycle" depart="2689.15" departLane="best" from="-689943870#0" to="195242862#1"/>
    <trip id="bike396" type="bike_bicycle" depart="2695.95" departLane="best" from="5686880#1" to="-5686891#2"/>
    <trip id="bike397" type="bike_bicycle" depart="2702.76" departLane="best" from="-4652045#3" to="4674805#2"/>
    <trip id="bike398" type="bike_bicycle" depart="2709.57" departLane="best" from="83073409#1" to="737178943#1"/>
    <trip id="bike399" type="bike_bicycle" depart="2716.38" departLane="best" from="12907381#1" to="542549034#1"/>
    <trip id="bike400" type="bike_bicycle" depart="2723.18" departLane="best" from="-466367519" to="-5213460#4"/>
    <trip id="bike401" type="bike_bicycle" depart="2729.99" departLane="best" from="24162508#3" to="990870865"/>
    <trip id="bike402" type="bike_bicycle" depart="2736.80" departLane="best" from="-1228848138#0" to="-30979426#4"/>
    <trip id="bike403" type="bike_bicycle" depart="2743.61" departLane="best" from="217103554#2" to="686198241#0"/>
    <trip id="bike404" type="bike_bicycle" depart="2750.42" departLane="best" from="-222151622#4" to="-234365018#1"/>
    <trip id="bike405" type="bike_bicycle" depart="2757.22" departLane="best" from="10070564#5" to="5686878#4"/>
    <trip id="bike406" type="bike_bicycle" depart="2764.03" departLane="best" from="-340934468#0" to="36355963#3"/>
    <trip id="bike407" type="bike_bicycle" depart="2770.84" departLane="best" from="23474916#2" to="-458698824#0"/>
    <trip id="bike408" type="bike_bicycle" depart="2777.65" departLane="best" from="462718019#1" to="-1309536714"/>
    <trip id="bike409" type="bike_bicycle" depart="2784.46" departLane="best" from="43887242#3" to="373839588#3"/>
    <trip id="bike411" type="bike_bicycle" depart="2798.07" departLane="best" from="314651046" to="542549034#1"/>
    <trip id="bike412" type="bike_bicycle" depart="2804.88" departLane="best" from="868914746#0" to="133669149#4"/>
    <trip id="bike413" type="bike_bicycle" depart="2811.69" departLane="best" departSpeed="max" from="-1234491146#1" to="-141694066#0"/>
    <trip id="bike414" type="bike_bicycle" depart="2818.50" departLane="best" from="-24221130#0" to="61760366#2"/>
    <trip id="bike415" type="bike_bicycle" depart="2825.30" departLane="best" from="5686878#3" to="1192162006#2"/>
    <trip id="bike416" type="bike_bicycle" depart="2832.11" departLane="best" from="141693460#2" to="1232401926#0"/>
    <trip id="bike417" type="bike_bicycle" depart="2838.92" departLane="best" departSpeed="max" from="407473806" to="966269279#1"/>
    <trip id="bike418" type="bike_bicycle" depart="2845.73" departLane="best" from="30979233#2" to="-324113525#1"/>
    <trip id="bike419" type="bike_bicycle" depart="2852.54" departLane="best" departSpeed="max" from="1138820018#0" to="-83329899#1"/>
    <trip id="bike420" type="bike_bicycle" depart="2859.34" departLane="best" from="-5686878#2" to="35159933#1"/>
    <trip id="bike421" type="bike_bicycle" depart="2866.15" departLane="best" from="30327576#2" to="5686876#2"/>
    <trip id="bike422" type="bike_bicycle" depart="2872.96" departLane="best" from="553564802#2" to="5686882#0"/>
    <trip id="bike423" type="bike_bicycle" depart="2879.77" departLane="best" from="-689943872#0" to="-5686860#1"/>
    <trip id="bike424" type="bike_bicycle" depart="2886.58" departLane="best" from="381084334#0" to="462718019#1"/>
    <trip id="bike425" type="bike_bicycle" depart="2893.38" departLane="best" from="5686876#2" to="-1262538010#2"/>
    <trip id="bike426" type="bike_bicycle" depart="2900.19" departLane="best" from="-1355102351" to="30327576#3"/>
    <trip id="bike427" type="bike_bicycle" depart="2907.00" departLane="best" from="-689943772#2" to="-969625974#2"/>
    <trip id="bike428" type="bike_bicycle" depart="2913.81" departLane="best" from="44522122#1" to="1168168597#2"/>
    <trip id="bike430" type="bike_bicycle" depart="2927.42" departLane="best" from="5686876#2" to="1192356263#1"/>
    <trip id="bike431" type="bike_bicycle" depart="2934.23" departLane="best" from="35152595#2" to="688051455"/>
    <trip id="bike432" type="bike_bicycle" depart="2941.04" departLane="best" from="-1263683889#2" to="4674874#2"/>
    <trip id="bike433" type="bike_bicycle" depart="2947.85" departLane="best" from="4674785" to="-83071006#1"/>
    <trip id="bike434" type="bike_bicycle" depart="2954.66" departLane="best" from="-292603460#1" to="222151622#4"/>
    <trip id="bike436" type="bike_bicycle" depart="2968.27" departLane="best" from="-30979426#1" to="-22913838#0"/>
    <trip id="bike437" type="bike_bicycle" depart="2975.08" departLane="best" from="-5686875#9" to="301310717#1"/>
    <trip id="bike438" type="bike_bicycle" depart="2981.89" departLane="best" from="-4321249#8" to="693740157#0"/>
    <trip id="bike439" type="bike_bicycle" depart="2988.70" departLane="best" from="-292021138#4" to="1234815697"/>
    <trip id="bike440" type="bike_bicycle" depart="2995.50" departLane="best" from="458503768#1" to="-4652062#0"/>
    <trip id="bike441" type="bike_bicycle" depart="3002.31" departLane="best" from="-110118921#1" to="-4675957#5"/>
    <trip id="bike442" type="bike_bicycle" depart="3009.12" departLane="best" from="-638886637#0" to="350369106#1"/>
    <trip id="bike443" type="bike_bicycle" depart="3015.93" departLane="best" from="-301310724#1" to="1192356259#1"/>
    <trip id="bike444" type="bike_bicycle" depart="3022.74" departLane="best" from="-586135989#1" to="25822593#1"/>
    <trip id="bike445" type="bike_bicycle" depart="3029.54" departLane="best" from="301310723#0" to="1125156628#1"/>
    <trip id="bike446" type="bike_bicycle" depart="3036.35" departLane="best" from="-45153939#0" to="5686872#1"/>
    <trip id="bike447" type="bike_bicycle" depart="3043.16" departLane="best" from="-34551570#2" to="83073755#0"/>
    <trip id="bike448" type="bike_bicycle" depart="3049.97" departLane="best" from="1208916258#1" to="-459387128#2"/>
    <trip id="bike449" type="bike_bicycle" depart="3056.78" departLane="best" from="23474916#2" to="24781234#5"/>
    <trip id="bike450" type="bike_bicycle" depart="3063.58" departLane="best" departSpeed="max" from="945321673" to="-5090442#8"/>
    <trip id="bike451" type="bike_bicycle" depart="3070.39" departLane="best" from="85400884#2" to="33651799#2"/>
    <trip id="bike452" type="bike_bicycle" depart="3077.20" departLane="best" from="4652041#6" to="24221128#2"/>
    <trip id="bike454" type="bike_bicycle" depart="3090.81" departLane="best" from="-1264777205#2" to="292021138#2"/>
    <trip id="bike456" type="bike_bicycle" depart="3104.43" departLane="best" from="4674578#2" to="-4674878#2"/>
    <trip id="bike457" type="bike_bicycle" depart="3111.24" departLane="best" from="25714347#3" to="-693740157#1"/>
    <trip id="bike458" type="bike_bicycle" depart="3118.05" departLane="best" from="-301310716#0" to="301310723#0"/>
    <trip id="bike459" type="bike_bicycle" depart="3124.85" departLane="best" from="34109832#0" to="-4321249#10"/>
    <trip id="bike460" type="bike_bicycle" depart="3131.66" departLane="best" from="-312668384#0" to="553564813#6"/>
    <trip id="bike461" type="bike_bicycle" depart="3138.47" departLane="best" from="292021138#1" to="688051455"/>
    <trip id="bike462" type="bike_bicycle" depart="3145.28" departLane="best" from="301674607#0" to="-553562816#5"/>
    <trip id="bike463" type="bike_bicycle" depart="3152.09" departLane="best" departSpeed="max" from="-900926531#3" to="249842974#1"/>
    <trip id="bike464" type="bike_bicycle" depart="3158.89" departLane="best" from="42965996#3" to="-23474916#2"/>
    <trip id="bike465" type="bike_bicycle" depart="3165.70" departLane="best" from="-4674805#3" to="459312669#1"/>
    <trip id="bike466" type="bike_bicycle" depart="3172.51" departLane="best" from="313284972#1" to="301310716#1"/>
    <trip id="bike467" type="bike_bicycle" depart="3179.32" departLane="best" from="218186575#0" to="-851568845#1"/>
    <trip id="bike468" type="bike_bicycle" depart="3186.13" departLane="best" from="189617875#5" to="693740157#1"/>
    <trip id="bike469" type="bike_bicycle" depart="3192.93" departLane="best" from="5090416#3" to="4652071#1"/>
    <trip id="bike470" type="bike_bicycle" depart="3199.74" departLane="best" departSpeed="max" from="468563688#0" to="1324733483#1"/>
    <trip id="bike471" type="bike_bicycle" depart="3206.55" departLane="best" from="4674805#1" to="459126886#1"/>
    <trip id="bike472" type="bike_bicycle" depart="3213.36" departLane="best" from="-5686878#2" to="-25795354#2"/>
    <trip id="bike473" type="bike_bicycle" depart="3220.17" departLane="best" from="83074411#1" to="-302116116#1"/>
    <trip id="bike474" type="bike_bicycle" depart="3226.97" departLane="best" from="83074422#2" to="5686882#1"/>
    <trip id="bike475" type="bike_bicycle" depart="3233.78" departLane="best" departSpeed="max" from="407473807#0" to="888762239"/>
    <trip id="bike476" type="bike_bicycle" depart="3240.59" departLane="best" from="83074423#1" to="4675957#4"/>
    <trip id="bike478" type="bike_bicycle" depart="3254.21" departLane="best" from="-1168168596#3" to="-22913838#1"/>
    <trip id="bike480" type="bike_bicycle" depart="3267.82" departLane="best" from="-33243155#8" to="25795349#3"/>
    <trip id="bike481" type="bike_bicycle" depart="3274.63" departLane="best" from="4675957#3" to="772566175#1"/>
    <trip id="bike482" type="bike_bicycle" depart="3281.44" departLane="best" from="-23474916#1" to="459126886#1"/>
    <trip id="bike483" type="bike_bicycle" depart="3288.25" departLane="best" departSpeed="max" from="-1220494679#2" to="-64370254#3"/>
    <trip id="bike484" type="bike_bicycle" depart="3295.05" departLane="best" from="231773844#2" to="695649274#0"/>
    <trip id="bike485" type="bike_bicycle" depart="3301.86" departLane="best" from="-373839588#2" to="205666236#0"/>
    <trip id="bike486" type="bike_bicycle" depart="3308.67" departLane="best" from="4675957#5" to="689943772#2"/>
    <trip id="bike487" type="bike_bicycle" depart="3315.48" departLane="best" from="4674878#2" to="924942362#0"/>
    <trip id="bike488" type="bike_bicycle" depart="3322.29" departLane="best" from="-263352261#2" to="-82580739#2"/>
    <trip id="bike489" type="bike_bicycle" depart="3329.09" departLane="best" from="4675951#3" to="133658685#5"/>
    <trip id="bike490" type="bike_bicycle" depart="3335.90" departLane="best" from="-222151622#3" to="656381158#1"/>
    <trip id="bike491" type="bike_bicycle" depart="3342.71" departLane="best" from="-25823261#1" to="1227932467#1"/>
    <trip id="bike492" type="bike_bicycle" depart="3349.52" departLane="best" from="33243155#3" to="458503768#1"/>
    <trip id="bike493" type="bike_bicycle" depart="3356.33" departLane="best" from="-774922482#0" to="10390228#1"/>
    <trip id="bike494" type="bike_bicycle" depart="3363.13" departLane="best" from="432710366#2" to="-324113525#1"/>
    <trip id="bike495" type="bike_bicycle" depart="3369.94" departLane="best" from="83073409#1" to="-24221132#4"/>
    <trip id="bike496" type="bike_bicycle" depart="3376.75" departLane="best" from="1227566085#1" to="924942362#0"/>
    <trip id="bike498" type="bike_bicycle" depart="3390.37" departLane="best" departSpeed="max" from="-688051455" to="1192356263#1"/>
    <trip id="bike499" type="bike_bicycle" depart="3397.17" departLane="best" from="83071003#1" to="5686878#6"/>
    <trip id="bike500" type="bike_bicycle" depart="3403.98" departLane="best" from="222151622#8" to="35155371#1"/>
    <trip id="bike501" type="bike_bicycle" depart="3410.79" departLane="best" departSpeed="max" from="220248979" to="868914753#0"/>
    <trip id="bike502" type="bike_bicycle" depart="3417.60" departLane="best" from="653478604#1" to="-851568845#0"/>
    <trip id="bike503" type="bike_bicycle" depart="3424.40" departLane="best" from="-34109831#1" to="-26696900#1"/>
    <trip id="bike504" type="bike_bicycle" depart="3431.21" departLane="best" from="553562816#10" to="1228848138#1"/>
    <trip id="bike505" type="bike_bicycle" depart="3438.02" departLane="best" from="314651045#2" to="312668384#1"/>
    <trip id="bike506" type="bike_bicycle" depart="3444.83" departLane="best" from="24222086#3" to="-1208975720#3"/>
    <trip id="bike507" type="bike_bicycle" depart="3451.64" departLane="best" departSpeed="max" from="4652055#0" to="462718012#1"/>
    <trip id="bike508" type="bike_bicycle" depart="3458.44" departLane="best" from="-24781234#2" to="24221125#2"/>
    <trip id="bike509" type="bike_bicycle" depart="3465.25" departLane="best" departSpeed="max" from="-1355102355" to="-4652040#0"/>
    <trip id="bike510" type="bike_bicycle" depart="3472.06" departLane="best" from="-35155500" to="-4321249#5"/>
    <trip id="bike512" type="bike_bicycle" depart="3485.68" departLane="best" from="-299146312#2" to="686198241#1"/>
    <trip id="bike514" type="bike_bicycle" depart="3499.29" departLane="best" from="-292603460#0" to="-301310710#0"/>
    <trip id="bike515" type="bike_bicycle" depart="3506.10" departLane="best" from="-45155110#0" to="-34551570#2"/>
    <trip id="bike516" type="bike_bicycle" depart="3512.91" departLane="best" from="312669017#1" to="-1228848139"/>
    <trip id="bike517" type="bike_bicycle" depart="3519.72" departLane="best" from="-1168168597#2" to="-4674805#2"/>
    <trip id="bike518" type="bike_bicycle" depart="3526.52" departLane="best" from="-4321249#15" to="-5686883#2"/>
    <trip id="bike519" type="bike_bicycle" depart="3533.33" departLane="best" from="-312668386" to="1347508055#2"/>
    <trip id="bike520" type="bike_bicycle" depart="3540.14" departLane="best" departSpeed="max" from="432710366#0" to="220918438#0"/>
    <trip id="bike521" type="bike_bicycle" depart="3546.95" departLane="best" departSpeed="max" from="44522122#0" to="12907381#1"/>
    <trip id="bike522" type="bike_bicycle" depart="3553.76" departLane="best" from="4652015#0" to="205666236#1"/>
    <trip id="bike523" type="bike_bicycle" depart="3560.56" departLane="best" from="-23474916#2" to="189617875#1"/>
    <trip id="bike524" type="bike_bicycle" depart="3567.37" departLane="best" from="764040126#2" to="1309536714"/>
    <trip id="bike525" type="bike_bicycle" depart="3574.18" departLane="best" from="4652041#2" to="6038443#0"/>
    <trip id="bike526" type="bike_bicycle" depart="3580.99" departLane="best" from="133669149#1" to="1234257291"/>
    <trip id="bike527" type="bike_bicycle" depart="3587.80" departLane="best" from="83074417#0" to="-189617876#5"/>
    <trip id="bike528" type="bike_bicycle" depart="3594.60" departLane="best" from="1188204205#1" to="-868914752#1"/>
</routes>
