<?xml version="1.0" encoding="UTF-8"?>

<!-- generated on 2025-02-03 19:08:18.591268 by osmWebWizard.py v1_21_0+0000-d7b3b481c43
<configuration>
    <net-file value="C:\Users\Warren Monteiro\2025-02-03-19-08-00\osm.net.xml.gz"/>
    <output-trip-file value="C:\Users\Warren Monteiro\2025-02-03-19-08-00\osm.bus.trips.xml"/>
    <route-file value="C:\Users\Warren Monteiro\2025-02-03-19-08-00\osm.bus.rou.xml"/>
    <prefix value="bus"/>
    <trip-attributes value="departLane=&quot;best&quot;"/>
    <fringe-start-attributes value="departSpeed=&quot;max&quot;"/>
    <vehicle-class value="bus"/>
    <fringe-factor value="5"/>
    <vclass value="bus"/>
    <via-edge-types value="highway.motorway,highway.motorway_link,highway.trunk_link,highway.primary_link,highway.secondary_link,highway.tertiary_link"/>
    <min-distance value="600.0"/>
    <min-distance.fringe value="10.0"/>
    <remove-loops value="True"/>
    <validate value="True"/>
    <insertion-density value="4.0"/>
</configuration>
-->

<!-- generated on 2025-02-03 19:08:18 by Eclipse SUMO duarouter Version 1.21.0
<duarouterConfiguration xmlns:xsi="http://www.w3.org/2001/XMLSchema-instance" xsi:noNamespaceSchemaLocation="http://sumo.dlr.de/xsd/duarouterConfiguration.xsd">

    <input>
        <net-file value="C:\Users\Warren Monteiro\2025-02-03-19-08-00\osm.net.xml.gz"/>
        <route-files value="C:\Users\Warren Monteiro\2025-02-03-19-08-00\osm.bus.trips.xml"/>
    </input>

    <output>
        <output-file value="C:\Users\Warren Monteiro\2025-02-03-19-08-00\osm.bus.trips.xml.tmp"/>
        <alternatives-output value="NUL"/>
        <write-trips value="true"/>
    </output>

    <processing>
        <remove-loops value="true"/>
    </processing>

    <time>
        <begin value="0.0"/>
        <end value="3600.0"/>
    </time>

    <report>
        <no-warnings value="true"/>
        <ignore-errors value="true"/>
        <no-step-log value="true"/>
    </report>

</duarouterConfiguration>
-->

<routes xmlns:xsi="http://www.w3.org/2001/XMLSchema-instance" xsi:noNamespaceSchemaLocation="http://sumo.dlr.de/xsd/routes_file.xsd">
    <vType id="bus_bus" vClass="bus"/>
    <trip id="bus1" type="bus_bus" depart="13.66" departLane="best" from="-4674874#2" to="-4212258#7"/>
    <trip id="bus2" type="bus_bus" depart="27.32" departLane="best" from="553564800#1" to="-22913838#0"/>
    <trip id="bus3" type="bus_bus" depart="40.98" departLane="best" from="1208916258#1" to="-1262466662"/>
    <trip id="bus4" type="bus_bus" depart="54.64" departLane="best" from="-4321248#1" to="-222151619#1"/>
    <trip id="bus5" type="bus_bus" depart="68.30" departLane="best" from="-1262532617" to="35155500"/>
    <trip id="bus6" type="bus_bus" depart="81.96" departLane="best" from="4321249#1" to="25822842#2"/>
    <trip id="bus7" type="bus_bus" depart="95.62" departLane="best" from="4674785" to="36355963#2"/>
    <trip id="bus8" type="bus_bus" depart="109.28" departLane="best" from="-6299077#2" to="-312669014#3"/>
    <trip id="bus9" type="bus_bus" depart="122.94" departLane="best" from="-6299077#2" to="542553252#0"/>
    <trip id="bus10" type="bus_bus" depart="136.60" departLane="best" from="-24162504#4" to="237887998"/>
    <trip id="bus11" type="bus_bus" depart="150.25" departLane="best" from="4674805#1" to="-4321249#2"/>
    <trip id="bus12" type="bus_bus" depart="163.91" departLane="best" from="-237888210" to="745505114#3"/>
    <trip id="bus13" type="bus_bus" depart="177.57" departLane="best" departSpeed="max" from="4675955#0" to="312669014#2"/>
    <trip id="bus14" type="bus_bus" depart="191.23" departLane="best" from="5213460#1" to="25365934#0"/>
    <trip id="bus15" type="bus_bus" depart="204.89" departLane="best" from="-42965996#1" to="-1333144881"/>
    <trip id="bus16" type="bus_bus" depart="218.55" departLane="best" from="-4321249#5" to="-4674874#1"/>
    <trip id="bus17" type="bus_bus" depart="232.21" departLane="best" from="-229439554#0" to="4321249#13"/>
    <trip id="bus18" type="bus_bus" depart="245.87" departLane="best" from="-24221132#3" to="-4674711#1"/>
    <trip id="bus19" type="bus_bus" depart="259.53" departLane="best" from="33651799#2" to="-6038443#1"/>
    <trip id="bus20" type="bus_bus" depart="273.19" departLane="best" from="-799520626#2" to="-355796010#1"/>
    <trip id="bus21" type="bus_bus" depart="286.85" departLane="best" from="-4674711#5" to="6299077#2"/>
    <trip id="bus22" type="bus_bus" depart="300.51" departLane="best" from="24221132#4" to="35155500"/>
    <trip id="bus23" type="bus_bus" depart="314.17" departLane="best" departSpeed="max" from="468563688#0" to="4652045#2"/>
    <trip id="bus24" type="bus_bus" depart="327.83" departLane="best" from="-4321249#7" to="-1262532617"/>
    <trip id="bus25" type="bus_bus" depart="341.49" departLane="best" from="-4212258#3" to="6694649#1"/>
    <trip id="bus26" type="bus_bus" depart="355.15" departLane="best" from="34551570#2" to="10070564#0"/>
    <trip id="bus27" type="bus_bus" depart="368.81" departLane="best" from="-4674711#3" to="-446810243#0"/>
    <trip id="bus28" type="bus_bus" depart="382.47" departLane="best" from="-24221134#2" to="-4652041#6"/>
    <trip id="bus29" type="bus_bus" depart="396.13" departLane="best" from="25714347#3" to="5686878#2"/>
    <trip id="bus30" type="bus_bus" depart="409.79" departLane="best" from="-24162504#2" to="-133596276#0"/>
    <trip id="bus31" type="bus_bus" depart="423.45" departLane="best" from="-24221134#1" to="-33243155#3"/>
    <trip id="bus32" type="bus_bus" depart="437.10" departLane="best" from="4674624#0" to="-1208975720#4"/>
    <trip id="bus33" type="bus_bus" depart="450.76" departLane="best" from="9423182#1" to="23447979#1"/>
    <trip id="bus34" type="bus_bus" depart="464.42" departLane="best" from="689943870#1" to="553562814#1"/>
    <trip id="bus35" type="bus_bus" depart="478.08" departLane="best" from="-10390228#1" to="42965996#4"/>
    <trip id="bus36" type="bus_bus" depart="491.74" departLane="best" from="551965788#2" to="-4652041#6"/>
    <trip id="bus37" type="bus_bus" depart="505.40" departLane="best" from="222151619#1" to="-34551477#2"/>
    <trip id="bus38" type="bus_bus" depart="519.06" departLane="best" departSpeed="max" from="5686842" to="553564800#1"/>
    <trip id="bus39" type="bus_bus" depart="532.72" departLane="best" from="5090442#8" to="34109831#1"/>
    <trip id="bus40" type="bus_bus" depart="546.38" departLane="best" from="4652015#0" to="24162450#2"/>
    <trip id="bus41" type="bus_bus" depart="560.04" departLane="best" departSpeed="max" from="4652055#0" to="23448052#0"/>
    <trip id="bus42" type="bus_bus" depart="573.70" departLane="best" from="553562814#2" to="34109832#0"/>
    <trip id="bus44" type="bus_bus" depart="601.02" departLane="best" from="222151618#8" to="-458503768#1"/>
    <trip id="bus45" type="bus_bus" depart="614.68" departLane="best" from="-4674711#3" to="553564802#2"/>
    <trip id="bus46" type="bus_bus" depart="628.34" departLane="best" from="1208975720#3" to="36355963#3"/>
    <trip id="bus47" type="bus_bus" depart="642.00" departLane="best" from="24162504#0" to="-4321249#2"/>
    <trip id="bus48" type="bus_bus" depart="655.66" departLane="best" from="-36355963#2" to="-468563692#2"/>
    <trip id="bus49" type="bus_bus" depart="669.32" departLane="best" from="1262538009#0" to="224315808"/>
    <trip id="bus50" type="bus_bus" depart="682.98" departLane="best" from="249842974#1" to="42965996#2"/>
    <trip id="bus51" type="bus_bus" depart="696.64" departLane="best" from="-4321249#8" to="-4212258#3"/>
    <trip id="bus52" type="bus_bus" depart="710.30" departLane="best" from="-222151620" to="-33651795#2"/>
    <trip id="bus53" type="bus_bus" depart="723.96" departLane="best" from="-4321249#7" to="5686879#4"/>
    <trip id="bus54" type="bus_bus" depart="737.61" departLane="best" from="446810243#1" to="35154847#3"/>
    <trip id="bus55" type="bus_bus" depart="751.27" departLane="best" from="-4212258#7" to="-249842974#0"/>
    <trip id="bus56" type="bus_bus" depart="764.93" departLane="best" from="5686882#0" to="248101310#3"/>
    <trip id="bus58" type="bus_bus" depart="792.25" departLane="best" from="4674805#2" to="35154847#2"/>
    <trip id="bus59" type="bus_bus" depart="805.91" departLane="best" from="-24221130#0" to="1262439339"/>
    <trip id="bus60" type="bus_bus" depart="819.57" departLane="best" from="1208975720#4" to="-133596276#9"/>
    <trip id="bus61" type="bus_bus" depart="833.23" departLane="best" departSpeed="max" from="44522122#0" to="35155369#3"/>
    <trip id="bus62" type="bus_bus" depart="846.89" departLane="best" from="-799520626#1" to="-237888210"/>
    <trip id="bus63" type="bus_bus" depart="860.55" departLane="best" departSpeed="max" from="10390225#0" to="-553562814#1"/>
    <trip id="bus64" type="bus_bus" depart="874.21" departLane="best" from="-35155500" to="12907381#1"/>
    <trip id="bus65" type="bus_bus" depart="887.87" departLane="best" from="1208916258#1" to="-4674711#2"/>
    <trip id="bus66" type="bus_bus" depart="901.53" departLane="best" from="-4652040#0" to="-6038443#1"/>
    <trip id="bus67" type="bus_bus" depart="915.19" departLane="best" from="-1264744549#0" to="553562814#2"/>
    <trip id="bus68" type="bus_bus" depart="928.85" departLane="best" from="217103554#3" to="-365883396#1"/>
    <trip id="bus69" type="bus_bus" depart="942.51" departLane="best" departSpeed="max" from="10390225#0" to="1347508055#2"/>
    <trip id="bus70" type="bus_bus" depart="956.17" departLane="best" from="-4674711#3" to="4652071#4"/>
    <trip id="bus71" type="bus_bus" depart="969.83" departLane="best" from="-6299077#2" to="9423182#1"/>
    <trip id="bus72" type="bus_bus" depart="983.49" departLane="best" from="24221132#3" to="42965996#1"/>
    <trip id="bus73" type="bus_bus" depart="997.15" departLane="best" from="-34109830" to="-4674904#0"/>
    <trip id="bus74" type="bus_bus" depart="1010.81" departLane="best" from="689943774#0" to="25365934#2"/>
    <trip id="bus75" type="bus_bus" depart="1024.46" departLane="best" from="24162504#3" to="446810243#0"/>
    <trip id="bus77" type="bus_bus" depart="1051.78" departLane="best" from="222151621" to="542549034#1"/>
    <trip id="bus78" type="bus_bus" depart="1065.44" departLane="best" from="-34109833#2" to="689943870#1"/>
    <trip id="bus79" type="bus_bus" depart="1079.10" departLane="best" from="-229439554#0" to="-34614465#0"/>
    <trip id="bus80" type="bus_bus" depart="1092.76" departLane="best" from="25823113#2" to="35155370#1"/>
    <trip id="bus81" type="bus_bus" depart="1106.42" departLane="best" from="25823113#1" to="312669014#3"/>
    <trip id="bus82" type="bus_bus" depart="1120.08" departLane="best" from="1188204205#2" to="25795349#3"/>
    <trip id="bus83" type="bus_bus" depart="1133.74" departLane="best" from="22913838#2" to="62058572#0"/>
    <trip id="bus84" type="bus_bus" depart="1147.40" departLane="best" from="365883396#1" to="4212258#6"/>
    <trip id="bus85" type="bus_bus" depart="1161.06" departLane="best" from="-446810243#2" to="10070564#0"/>
    <trip id="bus86" type="bus_bus" depart="1174.72" departLane="best" from="35155498#2" to="-4675951#6"/>
    <trip id="bus87" type="bus_bus" depart="1188.38" departLane="best" from="-553564811#1" to="446999759"/>
    <trip id="bus88" type="bus_bus" depart="1202.04" departLane="best" from="991014010#1" to="969625974#1"/>
    <trip id="bus89" type="bus_bus" depart="1215.70" departLane="best" from="-222151622#4" to="-365883396#1"/>
    <trip id="bus90" type="bus_bus" depart="1229.36" departLane="best" departSpeed="max" from="553562816#0" to="553564813#3"/>
    <trip id="bus91" type="bus_bus" depart="1243.02" departLane="best" from="-799520626#1" to="-33243155#12"/>
    <trip id="bus92" type="bus_bus" depart="1256.68" departLane="best" from="4675957#1" to="4000043#1"/>
    <trip id="bus93" type="bus_bus" depart="1270.34" departLane="best" from="34551477#6" to="-10390227#2"/>
    <trip id="bus94" type="bus_bus" depart="1284.00" departLane="best" from="4674878#2" to="-4675951#3"/>
    <trip id="bus95" type="bus_bus" depart="1297.66" departLane="best" from="-33651797#0" to="-4652055#0"/>
    <trip id="bus96" type="bus_bus" depart="1311.31" departLane="best" from="1208975720#4" to="4674632#2"/>
    <trip id="bus97" type="bus_bus" depart="1324.97" departLane="best" from="33651840#1" to="-4652041#3"/>
    <trip id="bus98" type="bus_bus" depart="1338.63" departLane="best" departSpeed="max" from="1208975721" to="-10390227#3"/>
    <trip id="bus99" type="bus_bus" depart="1352.29" departLane="best" from="222151622#7" to="-553564817#2"/>
    <trip id="bus100" type="bus_bus" depart="1365.95" departLane="best" from="4675957#2" to="25795349#2"/>
    <trip id="bus101" type="bus_bus" depart="1379.61" departLane="best" from="-33243155#4" to="-248489460#4"/>
    <trip id="bus102" type="bus_bus" depart="1393.27" departLane="best" from="-4674632#2" to="553562814#1"/>
    <trip id="bus103" type="bus_bus" depart="1406.93" departLane="best" from="553564813#10" to="-36355963#2"/>
    <trip id="bus104" type="bus_bus" depart="1420.59" departLane="best" from="-4652040#0" to="-24162504#3"/>
    <trip id="bus105" type="bus_bus" depart="1434.25" departLane="best" departSpeed="max" from="4652055#0" to="-553564817#3"/>
    <trip id="bus106" type="bus_bus" depart="1447.91" departLane="best" from="10390227#3" to="312669017#1"/>
    <trip id="bus107" type="bus_bus" depart="1461.57" departLane="best" from="538037286#0" to="799520626#3"/>
    <trip id="bus108" type="bus_bus" depart="1475.23" departLane="best" from="4674854#1" to="553564813#5"/>
    <trip id="bus109" type="bus_bus" depart="1488.89" departLane="best" from="-1262466662" to="43887242#0"/>
    <trip id="bus110" type="bus_bus" depart="1502.55" departLane="best" from="-586135989#1" to="62058555#1"/>
    <trip id="bus112" type="bus_bus" depart="1529.87" departLane="best" from="4674854#1" to="-4652055#0"/>
    <trip id="bus113" type="bus_bus" depart="1543.53" departLane="best" from="-4321249#12" to="-4675951#2"/>
    <trip id="bus114" type="bus_bus" depart="1557.19" departLane="best" from="4674632#1" to="-4321248#1"/>
    <trip id="bus115" type="bus_bus" depart="1570.85" departLane="best" from="1232401926#0" to="-35155498#1"/>
    <trip id="bus116" type="bus_bus" depart="1584.51" departLane="best" departSpeed="max" from="-5686892#1" to="553562816#10"/>
    <trip id="bus117" type="bus_bus" depart="1598.17" departLane="best" from="689943772#1" to="-4674711#2"/>
    <trip id="bus118" type="bus_bus" depart="1611.82" departLane="best" from="-34109831#1" to="-10070564#5"/>
    <trip id="bus119" type="bus_bus" depart="1625.48" departLane="best" from="745505114#1" to="237888210"/>
    <trip id="bus120" type="bus_bus" depart="1639.14" departLane="best" from="689943870#1" to="-34551477#2"/>
    <trip id="bus122" type="bus_bus" depart="1666.46" departLane="best" departSpeed="max" from="44522122#0" to="-5085157#1"/>
    <trip id="bus123" type="bus_bus" depart="1680.12" departLane="best" from="-292603461#3" to="-222151622#7"/>
    <trip id="bus124" type="bus_bus" depart="1693.78" departLane="best" departSpeed="max" from="-900926531#3" to="249842974#1"/>
    <trip id="bus125" type="bus_bus" depart="1707.44" departLane="best" from="-4652070#0" to="4000043#3"/>
    <trip id="bus126" type="bus_bus" depart="1721.10" departLane="best" from="-10070564#2" to="61760483#0"/>
    <trip id="bus127" type="bus_bus" depart="1734.76" departLane="best" from="24162450#2" to="-42965996#2"/>
    <trip id="bus128" type="bus_bus" depart="1748.42" departLane="best" from="446999759" to="35154847#3"/>
    <trip id="bus129" type="bus_bus" depart="1762.08" departLane="best" from="-689943870#2" to="-218186575#6"/>
    <trip id="bus130" type="bus_bus" depart="1775.74" departLane="best" from="35155369#2" to="-538037286#0"/>
    <trip id="bus131" type="bus_bus" depart="1789.40" departLane="best" from="553562814#1" to="-538037286#1"/>
    <trip id="bus132" type="bus_bus" depart="1803.06" departLane="best" from="4321249#8" to="-4675951#6"/>
    <trip id="bus133" type="bus_bus" depart="1816.72" departLane="best" departSpeed="max" from="10390225#0" to="-4674878#2"/>
    <trip id="bus135" type="bus_bus" depart="1844.04" departLane="best" from="5686884#1" to="35155371#1"/>
    <trip id="bus136" type="bus_bus" depart="1857.70" departLane="best" from="5105841#1" to="24162504#1"/>
    <trip id="bus137" type="bus_bus" depart="1871.36" departLane="best" departSpeed="max" from="1208975721" to="25365934#2"/>
    <trip id="bus138" type="bus_bus" depart="1885.02" departLane="best" from="34551570#1" to="-133596276#7"/>
    <trip id="bus139" type="bus_bus" depart="1898.67" departLane="best" from="1263739840#0" to="-365883396#1"/>
    <trip id="bus141" type="bus_bus" depart="1925.99" departLane="best" from="4674904#0" to="446999759"/>
    <trip id="bus142" type="bus_bus" depart="1939.65" departLane="best" from="-355796009#2" to="-1208975720#0"/>
    <trip id="bus143" type="bus_bus" depart="1953.31" departLane="best" from="-458026975#2" to="133669149#4"/>
    <trip id="bus144" type="bus_bus" depart="1966.97" departLane="best" from="5090416#0" to="220918439#0"/>
    <trip id="bus145" type="bus_bus" depart="1980.63" departLane="best" from="1168168597#3" to="-33243155#7"/>
    <trip id="bus146" type="bus_bus" depart="1994.29" departLane="best" from="-35159935#2" to="-355796010#1"/>
    <trip id="bus147" type="bus_bus" depart="2007.95" departLane="best" from="34551570#2" to="-10390225#0"/>
    <trip id="bus148" type="bus_bus" depart="2021.61" departLane="best" departSpeed="max" from="-24221133#1" to="1234491146#1"/>
    <trip id="bus149" type="bus_bus" depart="2035.27" departLane="best" from="-35154847#1" to="689943772#2"/>
    <trip id="bus150" type="bus_bus" depart="2048.93" departLane="best" departSpeed="max" from="22913838#0" to="133596276#13"/>
    <trip id="bus151" type="bus_bus" depart="2062.59" departLane="best" from="-1333144881" to="4674711#9"/>
    <trip id="bus152" type="bus_bus" depart="2076.25" departLane="best" from="35155370#1" to="888762239"/>
    <trip id="bus153" type="bus_bus" depart="2089.91" departLane="best" from="25823113#2" to="686198241#0"/>
    <trip id="bus154" type="bus_bus" depart="2103.57" departLane="best" from="553562816#9" to="-30979258#0"/>
    <trip id="bus155" type="bus_bus" depart="2117.23" departLane="best" from="-4321249#7" to="-222151618#8"/>
    <trip id="bus156" type="bus_bus" depart="2130.89" departLane="best" departSpeed="max" from="4675955#0" to="24162504#1"/>
    <trip id="bus158" type="bus_bus" depart="2158.21" departLane="best" from="33243155#11" to="-4674578#2"/>
    <trip id="bus159" type="bus_bus" depart="2171.87" departLane="best" from="222151622#9" to="-4674785"/>
    <trip id="bus160" type="bus_bus" depart="2185.52" departLane="best" from="-4674805#1" to="5090442#2"/>
    <trip id="bus161" type="bus_bus" depart="2199.18" departLane="best" from="-4321249#9" to="355796009#1"/>
    <trip id="bus162" type="bus_bus" depart="2212.84" departLane="best" from="-42965996#3" to="-218186575#0"/>
    <trip id="bus163" type="bus_bus" depart="2226.50" departLane="best" from="10390227#4" to="24162504#2"/>
    <trip id="bus164" type="bus_bus" depart="2240.16" departLane="best" from="1187395322#1" to="-355796009#1"/>
    <trip id="bus165" type="bus_bus" depart="2253.82" departLane="best" from="1188204205#3" to="5686879#3"/>
    <trip id="bus166" type="bus_bus" depart="2267.48" departLane="best" from="25714347#2" to="-355796010#0"/>
    <trip id="bus168" type="bus_bus" depart="2294.80" departLane="best" departSpeed="max" from="-686198241#1" to="45155110#0"/>
    <trip id="bus169" type="bus_bus" depart="2308.46" departLane="best" from="5090416#4" to="686198241#1"/>
    <trip id="bus170" type="bus_bus" depart="2322.12" departLane="best" from="4321249#1" to="-4212258#2"/>
    <trip id="bus171" type="bus_bus" depart="2335.78" departLane="best" from="-1262532617" to="-1232401926#0"/>
    <trip id="bus172" type="bus_bus" depart="2349.44" departLane="best" from="-62058057#1" to="-35155498#1"/>
    <trip id="bus173" type="bus_bus" depart="2363.10" departLane="best" from="10390227#1" to="-33651799#2"/>
    <trip id="bus174" type="bus_bus" depart="2376.76" departLane="best" from="133596276#8" to="248489460#4"/>
    <trip id="bus175" type="bus_bus" depart="2390.42" departLane="best" from="1262538008#1" to="34109833#4"/>
    <trip id="bus176" type="bus_bus" depart="2404.08" departLane="best" from="30979256#1" to="133596276#14"/>
    <trip id="bus177" type="bus_bus" depart="2417.74" departLane="best" from="133596276#8" to="-689943870#0"/>
    <trip id="bus178" type="bus_bus" depart="2431.40" departLane="best" departSpeed="max" from="4652009#0" to="-689943870#0"/>
    <trip id="bus179" type="bus_bus" depart="2445.06" departLane="best" from="458026975#2" to="5085157#2"/>
    <trip id="bus180" type="bus_bus" depart="2458.72" departLane="best" from="-1187395322#1" to="24162450#2"/>
    <trip id="bus181" type="bus_bus" depart="2472.38" departLane="best" from="34551477#1" to="4652070#0"/>
    <trip id="bus182" type="bus_bus" depart="2486.03" departLane="best" from="35565361#2" to="35159933#1"/>
    <trip id="bus183" type="bus_bus" depart="2499.69" departLane="best" from="-34551477#6" to="30327576#3"/>
    <trip id="bus184" type="bus_bus" depart="2513.35" departLane="best" departSpeed="max" from="456341916#0" to="24221133#0"/>
    <trip id="bus185" type="bus_bus" depart="2527.01" departLane="best" from="4675951#1" to="707964265#1"/>
    <trip id="bus186" type="bus_bus" depart="2540.67" departLane="best" departSpeed="max" from="-24221133#1" to="-1208975720#3"/>
    <trip id="bus187" type="bus_bus" depart="2554.33" departLane="best" from="-547634984" to="35155371#1"/>
    <trip id="bus188" type="bus_bus" depart="2567.99" departLane="best" from="4321249#15" to="-222151618#8"/>
    <trip id="bus189" type="bus_bus" depart="2581.65" departLane="best" from="365883396#1" to="-33243155#3"/>
    <trip id="bus190" type="bus_bus" depart="2595.31" departLane="best" from="5090416#0" to="292603459#0"/>
    <trip id="bus191" type="bus_bus" depart="2608.97" departLane="best" from="249842974#1" to="871754373"/>
    <trip id="bus192" type="bus_bus" depart="2622.63" departLane="best" departSpeed="max" from="1208975721" to="6299077#1"/>
    <trip id="bus193" type="bus_bus" depart="2636.29" departLane="best" from="5085157#2" to="4675957#3"/>
    <trip id="bus194" type="bus_bus" depart="2649.95" departLane="best" from="33651799#2" to="5080129#2"/>
    <trip id="bus195" type="bus_bus" depart="2663.61" departLane="best" from="42965996#4" to="1262532617"/>
    <trip id="bus196" type="bus_bus" depart="2677.27" departLane="best" from="-4674711#9" to="4674874#1"/>
    <trip id="bus197" type="bus_bus" depart="2690.93" departLane="best" from="24162450#1" to="141694066#0"/>
    <trip id="bus198" type="bus_bus" depart="2704.59" departLane="best" from="-4674711#8" to="538037287#5"/>
    <trip id="bus199" type="bus_bus" depart="2718.25" departLane="best" departSpeed="max" from="4675955#0" to="-22913838#0"/>
    <trip id="bus200" type="bus_bus" depart="2731.91" departLane="best" departSpeed="max" from="553562816#0" to="446810242#1"/>
    <trip id="bus201" type="bus_bus" depart="2745.57" departLane="best" from="133596276#6" to="30979233#1"/>
    <trip id="bus202" type="bus_bus" depart="2759.23" departLane="best" from="5090416#1" to="-34551570#1"/>
    <trip id="bus203" type="bus_bus" depart="2772.88" departLane="best" from="4212258#5" to="4674711#4"/>
    <trip id="bus204" type="bus_bus" depart="2786.54" departLane="best" from="-6299077#2" to="553564813#4"/>
    <trip id="bus205" type="bus_bus" depart="2800.20" departLane="best" from="4212258#5" to="-4674632#1"/>
    <trip id="bus206" type="bus_bus" depart="2813.86" departLane="best" from="10390227#4" to="6694657#2"/>
    <trip id="bus207" type="bus_bus" depart="2827.52" departLane="best" from="237887998" to="42965996#3"/>
    <trip id="bus208" type="bus_bus" depart="2841.18" departLane="best" from="218186575#2" to="458503767#1"/>
    <trip id="bus209" type="bus_bus" depart="2854.84" departLane="best" from="218186575#4" to="4674632#2"/>
    <trip id="bus210" type="bus_bus" depart="2868.50" departLane="best" from="381084331" to="-468563688#0"/>
    <trip id="bus211" type="bus_bus" depart="2882.16" departLane="best" departSpeed="max" from="456341916#0" to="-538037286#0"/>
    <trip id="bus212" type="bus_bus" depart="2895.82" departLane="best" from="-4652041#2" to="-24781234#5"/>
    <trip id="bus214" type="bus_bus" depart="2923.14" departLane="best" from="217103554#1" to="-4321249#1"/>
    <trip id="bus215" type="bus_bus" depart="2936.80" departLane="best" from="707964267#4" to="229439555#2"/>
    <trip id="bus216" type="bus_bus" depart="2950.46" departLane="best" from="4675951#2" to="24162504#0"/>
    <trip id="bus217" type="bus_bus" depart="2964.12" departLane="best" from="707964265#1" to="-24221130#0"/>
    <trip id="bus218" type="bus_bus" depart="2977.78" departLane="best" from="404138421#2" to="-248101310#9"/>
    <trip id="bus219" type="bus_bus" depart="2991.44" departLane="best" from="542553251#2" to="248101310#8"/>
    <trip id="bus221" type="bus_bus" depart="3018.76" departLane="best" from="35155498#1" to="-133596276#14"/>
    <trip id="bus222" type="bus_bus" depart="3032.42" departLane="best" from="5686885#2" to="133669149#4"/>
    <trip id="bus223" type="bus_bus" depart="3046.08" departLane="best" from="-1347508055#2" to="-30979258#0"/>
    <trip id="bus224" type="bus_bus" depart="3059.73" departLane="best" from="24222086#1" to="-4675953#0"/>
    <trip id="bus225" type="bus_bus" depart="3073.39" departLane="best" from="4652015#4" to="-30327576#2"/>
    <trip id="bus226" type="bus_bus" depart="3087.05" departLane="best" from="4674578#2" to="-42965996#3"/>
    <trip id="bus227" type="bus_bus" depart="3100.71" departLane="best" from="-1264744549#0" to="553562813#1"/>
    <trip id="bus228" type="bus_bus" depart="3114.37" departLane="best" from="868914748#1" to="-4675953#0"/>
    <trip id="bus229" type="bus_bus" depart="3128.03" departLane="best" from="-381084334#0" to="-36355963#3"/>
    <trip id="bus230" type="bus_bus" depart="3141.69" departLane="best" departSpeed="max" from="-35154256#3" to="-222151618#7"/>
    <trip id="bus231" type="bus_bus" depart="3155.35" departLane="best" from="-10070564#3" to="-1309536712"/>
    <trip id="bus232" type="bus_bus" depart="3169.01" departLane="best" from="25823113#0" to="-4674874#3"/>
    <trip id="bus233" type="bus_bus" depart="3182.67" departLane="best" from="-4321249#9" to="4000043#3"/>
    <trip id="bus234" type="bus_bus" depart="3196.33" departLane="best" from="4212258#6" to="1324733483#1"/>
    <trip id="bus235" type="bus_bus" depart="3209.99" departLane="best" from="355796010#0" to="5686885#2"/>
    <trip id="bus236" type="bus_bus" depart="3223.65" departLane="best" from="1208975720#6" to="-24162504#4"/>
    <trip id="bus237" type="bus_bus" depart="3237.31" departLane="best" from="34545817#1" to="5686881#0"/>
    <trip id="bus238" type="bus_bus" depart="3250.97" departLane="best" departSpeed="max" from="4675953#0" to="220918438#0"/>
    <trip id="bus239" type="bus_bus" depart="3264.63" departLane="best" from="34551477#4" to="-468563688#0"/>
    <trip id="bus240" type="bus_bus" depart="3278.29" departLane="best" from="-5085157#1" to="-248101310#5"/>
    <trip id="bus241" type="bus_bus" depart="3291.95" departLane="best" from="355796010#1" to="365883396#1"/>
    <trip id="bus242" type="bus_bus" depart="3305.61" departLane="best" from="1333144881" to="1262466662"/>
    <trip id="bus243" type="bus_bus" depart="3319.27" departLane="best" from="5686878#4" to="446999759"/>
    <trip id="bus244" type="bus_bus" depart="3332.93" departLane="best" from="-24162504#3" to="689943870#2"/>
    <trip id="bus245" type="bus_bus" depart="3346.59" departLane="best" from="4675957#3" to="248489460#4"/>
    <trip id="bus246" type="bus_bus" depart="3360.24" departLane="best" from="35155498#2" to="4652070#0"/>
    <trip id="bus247" type="bus_bus" depart="3373.90" departLane="best" from="-133595611" to="458026975#1"/>
    <trip id="bus249" type="bus_bus" depart="3401.22" departLane="best" departSpeed="max" from="5686842" to="-34551477#6"/>
    <trip id="bus250" type="bus_bus" depart="3414.88" departLane="best" from="35155373#0" to="547634984"/>
    <trip id="bus251" type="bus_bus" depart="3428.54" departLane="best" departSpeed="max" from="-5686892#1" to="355796009#1"/>
    <trip id="bus252" type="bus_bus" depart="3442.20" departLane="best" from="-5085157#0" to="6694649#1"/>
    <trip id="bus253" type="bus_bus" depart="3455.86" departLane="best" from="4674874#3" to="-24221125#2"/>
    <trip id="bus254" type="bus_bus" depart="3469.52" departLane="best" from="1324733483#1" to="-5085157#2"/>
    <trip id="bus255" type="bus_bus" depart="3483.18" departLane="best" from="-5686878#5" to="737178943#2"/>
    <trip id="bus256" type="bus_bus" depart="3496.84" departLane="best" from="847811568" to="34551570#1"/>
    <trip id="bus257" type="bus_bus" depart="3510.50" departLane="best" from="24162504#3" to="-1186126655#0"/>
    <trip id="bus258" type="bus_bus" depart="3524.16" departLane="best" from="-35155499#0" to="-5686883#2"/>
    <trip id="bus259" type="bus_bus" depart="3537.82" departLane="best" from="458503768#2" to="33243155#12"/>
    <trip id="bus260" type="bus_bus" depart="3551.48" departLane="best" departSpeed="max" from="4652009#0" to="-35159935#3"/>
    <trip id="bus261" type="bus_bus" depart="3565.14" departLane="best" from="1262538009#0" to="36355963#3"/>
    <trip id="bus262" type="bus_bus" depart="3578.80" departLane="best" from="249842974#1" to="745505114#3"/>
    <trip id="bus263" type="bus_bus" depart="3592.46" departLane="best" from="-34109833#3" to="-24221128#1"/>
</routes>
