<?xml version="1.0" encoding="UTF-8"?>

<!-- generated on 2025-02-03 19:08:21.286705 by osmWebWizard.py v1_21_0+0000-d7b3b481c43
<configuration>
    <net-file value="C:\Users\Warren Monteiro\2025-02-03-19-08-00\osm.net.xml.gz"/>
    <output-trip-file value="C:\Users\Warren Monteiro\2025-02-03-19-08-00\osm.motorcycle.trips.xml"/>
    <route-file value="C:\Users\Warren Monteiro\2025-02-03-19-08-00\osm.motorcycle.rou.xml"/>
    <prefix value="motorcycle"/>
    <trip-attributes value="departLane=&quot;best&quot;"/>
    <fringe-start-attributes value="departSpeed=&quot;max&quot;"/>
    <vehicle-class value="motorcycle"/>
    <fringe-factor value="2"/>
    <vclass value="motorcycle"/>
    <via-edge-types value="highway.motorway,highway.motorway_link,highway.trunk_link,highway.primary_link,highway.secondary_link,highway.tertiary_link"/>
    <max-distance value="1200.0"/>
    <remove-loops value="True"/>
    <validate value="True"/>
    <insertion-density value="4.0"/>
</configuration>
-->

<!-- generated on 2025-02-03 19:08:21 by Eclipse SUMO duarouter Version 1.21.0
<duarouterConfiguration xmlns:xsi="http://www.w3.org/2001/XMLSchema-instance" xsi:noNamespaceSchemaLocation="http://sumo.dlr.de/xsd/duarouterConfiguration.xsd">

    <input>
        <net-file value="C:\Users\Warren Monteiro\2025-02-03-19-08-00\osm.net.xml.gz"/>
        <route-files value="C:\Users\Warren Monteiro\2025-02-03-19-08-00\osm.motorcycle.trips.xml"/>
    </input>

    <output>
        <output-file value="C:\Users\Warren Monteiro\2025-02-03-19-08-00\osm.motorcycle.trips.xml.tmp"/>
        <alternatives-output value="NUL"/>
        <write-trips value="true"/>
    </output>

    <processing>
        <remove-loops value="true"/>
    </processing>

    <time>
        <begin value="0.0"/>
        <end value="3600.0"/>
    </time>

    <report>
        <no-warnings value="true"/>
        <ignore-errors value="true"/>
        <no-step-log value="true"/>
    </report>

</duarouterConfiguration>
-->

<routes xmlns:xsi="http://www.w3.org/2001/XMLSchema-instance" xsi:noNamespaceSchemaLocation="http://sumo.dlr.de/xsd/routes_file.xsd">
    <vType id="motorcycle_motorcycle" vClass="motorcycle"/>
    <trip id="motorcycle0" type="motorcycle_motorcycle" depart="0.00" departLane="best" from="33651796#1" to="-1208975720#3"/>
    <trip id="motorcycle1" type="motorcycle_motorcycle" depart="13.66" departLane="best" from="-4674711#1" to="-4212258#3"/>
    <trip id="motorcycle2" type="motorcycle_motorcycle" depart="27.32" departLane="best" departSpeed="max" from="44522122#0" to="35155371#1"/>
    <trip id="motorcycle3" type="motorcycle_motorcycle" depart="40.98" departLane="best" from="553564802#2" to="-22913838#0"/>
    <trip id="motorcycle4" type="motorcycle_motorcycle" depart="54.64" departLane="best" from="-4212258#3" to="-222151619#1"/>
    <trip id="motorcycle5" type="motorcycle_motorcycle" depart="68.30" departLane="best" from="1262466662" to="-35155499#2"/>
    <trip id="motorcycle6" type="motorcycle_motorcycle" depart="81.96" departLane="best" from="34109833#3" to="24162508#1"/>
    <trip id="motorcycle7" type="motorcycle_motorcycle" depart="95.62" departLane="best" from="-4212258#5" to="25822593#1"/>
    <trip id="motorcycle8" type="motorcycle_motorcycle" depart="109.28" departLane="best" from="4674785" to="-10390225#1"/>
    <trip id="motorcycle9" type="motorcycle_motorcycle" depart="122.94" departLane="best" from="64370254#4" to="-542553251#2"/>
    <trip id="motorcycle10" type="motorcycle_motorcycle" depart="136.60" departLane="best" from="-237887998" to="23474916#2"/>
    <trip id="motorcycle11" type="motorcycle_motorcycle" depart="150.25" departLane="best" from="4674711#8" to="-4321249#2"/>
    <trip id="motorcycle12" type="motorcycle_motorcycle" depart="163.91" departLane="best" from="-237888210" to="737178943#1"/>
    <trip id="motorcycle13" type="motorcycle_motorcycle" depart="177.57" departLane="best" from="-799520626#2" to="-24221128#1"/>
    <trip id="motorcycle14" type="motorcycle_motorcycle" depart="191.23" departLane="best" from="5213460#4" to="248489460#4"/>
    <trip id="motorcycle15" type="motorcycle_motorcycle" depart="204.89" departLane="best" from="404138421#2" to="1333144881"/>
    <trip id="motorcycle16" type="motorcycle_motorcycle" depart="218.55" departLane="best" from="-4321249#0" to="-4674785"/>
    <trip id="motorcycle17" type="motorcycle_motorcycle" depart="232.21" departLane="best" from="-222151622#6" to="-4321249#1"/>
    <trip id="motorcycle18" type="motorcycle_motorcycle" depart="245.87" departLane="best" from="24221125#1" to="-4674578#2"/>
    <trip id="motorcycle19" type="motorcycle_motorcycle" depart="259.53" departLane="best" from="-33243155#7" to="-62058564"/>
    <trip id="motorcycle20" type="motorcycle_motorcycle" depart="273.19" departLane="best" from="-689943870#0" to="-355796009#2"/>
    <trip id="motorcycle21" type="motorcycle_motorcycle" depart="286.85" departLane="best" from="-4652071#1" to="62058056#0"/>
    <trip id="motorcycle22" type="motorcycle_motorcycle" depart="300.51" departLane="best" from="-34109833#2" to="301674585#1"/>
    <trip id="motorcycle23" type="motorcycle_motorcycle" depart="314.17" departLane="best" from="-34545779#0" to="4321249#15"/>
    <trip id="motorcycle24" type="motorcycle_motorcycle" depart="327.83" departLane="best" from="33651839#0" to="-689943870#2"/>
    <trip id="motorcycle25" type="motorcycle_motorcycle" depart="341.49" departLane="best" from="868914748#1" to="-33651839#0"/>
    <trip id="motorcycle26" type="motorcycle_motorcycle" depart="355.15" departLane="best" from="24221132#3" to="35155499#2"/>
    <trip id="motorcycle27" type="motorcycle_motorcycle" depart="368.81" departLane="best" from="223420013#1" to="-4652041#3"/>
    <trip id="motorcycle28" type="motorcycle_motorcycle" depart="382.47" departLane="best" from="4321249#1" to="-1262538008#1"/>
    <trip id="motorcycle29" type="motorcycle_motorcycle" depart="396.13" departLane="best" from="-5105840#2" to="-4652041#3"/>
    <trip id="motorcycle30" type="motorcycle_motorcycle" depart="409.79" departLane="best" from="62058569#1" to="62058572#0"/>
    <trip id="motorcycle32" type="motorcycle_motorcycle" depart="437.10" departLane="best" departSpeed="max" from="5686860#0" to="-133596276#1"/>
    <trip id="motorcycle33" type="motorcycle_motorcycle" depart="450.76" departLane="best" from="-4652041#6" to="446784162#0"/>
    <trip id="motorcycle34" type="motorcycle_motorcycle" depart="464.42" departLane="best" from="24221134#0" to="-458503768#1"/>
    <trip id="motorcycle35" type="motorcycle_motorcycle" depart="478.08" departLane="best" from="10070564#8" to="404138420#2"/>
    <trip id="motorcycle36" type="motorcycle_motorcycle" depart="491.74" departLane="best" from="969625974#2" to="222151622#4"/>
    <trip id="motorcycle37" type="motorcycle_motorcycle" depart="505.40" departLane="best" from="-24221132#3" to="314651045#2"/>
    <trip id="motorcycle38" type="motorcycle_motorcycle" depart="519.06" departLane="best" from="4674578#2" to="1208975720#3"/>
    <trip id="motorcycle39" type="motorcycle_motorcycle" depart="532.72" departLane="best" from="-218186575#1" to="-695649274#0"/>
    <trip id="motorcycle40" type="motorcycle_motorcycle" depart="546.38" departLane="best" from="-969625974#1" to="23447979#2"/>
    <trip id="motorcycle41" type="motorcycle_motorcycle" depart="560.04" departLane="best" from="695649274#0" to="538037287#5"/>
    <trip id="motorcycle42" type="motorcycle_motorcycle" depart="573.70" departLane="best" from="-10390228#1" to="42965996#4"/>
    <trip id="motorcycle43" type="motorcycle_motorcycle" depart="587.36" departLane="best" from="-35155500" to="237888211#0"/>
    <trip id="motorcycle44" type="motorcycle_motorcycle" depart="601.02" departLane="best" from="-4652071#1" to="33651840#1"/>
    <trip id="motorcycle45" type="motorcycle_motorcycle" depart="614.68" departLane="best" from="-24221133#0" to="1262538008#1"/>
    <trip id="motorcycle46" type="motorcycle_motorcycle" depart="628.34" departLane="best" from="1324733483#1" to="6694657#2"/>
    <trip id="motorcycle47" type="motorcycle_motorcycle" depart="642.00" departLane="best" from="222151618#4" to="-34545818"/>
    <trip id="motorcycle48" type="motorcycle_motorcycle" depart="655.66" departLane="best" departSpeed="max" from="5686842" to="553562814#1"/>
    <trip id="motorcycle49" type="motorcycle_motorcycle" depart="669.32" departLane="best" from="-292603461#5" to="-30979426#3"/>
    <trip id="motorcycle50" type="motorcycle_motorcycle" depart="682.98" departLane="best" from="4652045#2" to="23448052#1"/>
    <trip id="motorcycle51" type="motorcycle_motorcycle" depart="696.64" departLane="best" from="10070564#0" to="5090442#8"/>
    <trip id="motorcycle52" type="motorcycle_motorcycle" depart="710.30" departLane="best" from="-1176470383#0" to="-6038443#0"/>
    <trip id="motorcycle53" type="motorcycle_motorcycle" depart="723.96" departLane="best" from="553562814#2" to="4675957#5"/>
    <trip id="motorcycle54" type="motorcycle_motorcycle" depart="737.61" departLane="best" from="-5090416#4" to="-133596276#9"/>
    <trip id="motorcycle55" type="motorcycle_motorcycle" depart="751.27" departLane="best" from="553562814#2" to="64370254#3"/>
    <trip id="motorcycle56" type="motorcycle_motorcycle" depart="764.93" departLane="best" from="22913838#2" to="21674178#1"/>
    <trip id="motorcycle57" type="motorcycle_motorcycle" depart="778.59" departLane="best" from="-218186575#6" to="458503767#1"/>
    <trip id="motorcycle58" type="motorcycle_motorcycle" depart="792.25" departLane="best" from="-1347508055#1" to="-24221125#1"/>
    <trip id="motorcycle59" type="motorcycle_motorcycle" depart="805.91" departLane="best" from="-4652070#0" to="553562814#3"/>
    <trip id="motorcycle60" type="motorcycle_motorcycle" depart="819.57" departLane="best" from="24162450#2" to="-4321249#2"/>
    <trip id="motorcycle61" type="motorcycle_motorcycle" depart="833.23" departLane="best" from="-35159935#3" to="-468563692#2"/>
    <trip id="motorcycle62" type="motorcycle_motorcycle" depart="846.89" departLane="best" from="-9423182#1" to="-34109833#4"/>
    <trip id="motorcycle63" type="motorcycle_motorcycle" depart="860.55" departLane="best" from="-24781234#6" to="-4212258#6"/>
    <trip id="motorcycle64" type="motorcycle_motorcycle" depart="874.21" departLane="best" from="-5686878#3" to="25795349#8"/>
    <trip id="motorcycle65" type="motorcycle_motorcycle" depart="887.87" departLane="best" from="-4321249#10" to="-404138420#2"/>
    <trip id="motorcycle66" type="motorcycle_motorcycle" depart="901.53" departLane="best" from="-220918438#0" to="33243155#12"/>
    <trip id="motorcycle67" type="motorcycle_motorcycle" depart="915.19" departLane="best" from="4321249#1" to="5686877#1"/>
    <trip id="motorcycle68" type="motorcycle_motorcycle" depart="928.85" departLane="best" from="-5213460#1" to="-218186575#5"/>
    <trip id="motorcycle69" type="motorcycle_motorcycle" depart="942.51" departLane="best" from="-4321249#6" to="35154847#3"/>
    <trip id="motorcycle70" type="motorcycle_motorcycle" depart="956.17" departLane="best" from="5686884#1" to="24781234#6"/>
    <trip id="motorcycle72" type="motorcycle_motorcycle" depart="983.49" departLane="best" from="4674711#9" to="35154847#2"/>
    <trip id="motorcycle73" type="motorcycle_motorcycle" depart="997.15" departLane="best" from="-24162504#1" to="1262466662"/>
    <trip id="motorcycle74" type="motorcycle_motorcycle" depart="1010.81" departLane="best" from="4321249#9" to="35155370#0"/>
    <trip id="motorcycle75" type="motorcycle_motorcycle" depart="1024.46" departLane="best" from="-799520626#2" to="-237888210"/>
    <trip id="motorcycle76" type="motorcycle_motorcycle" depart="1038.12" departLane="best" from="5213460#4" to="-446810242#2"/>
    <trip id="motorcycle77" type="motorcycle_motorcycle" depart="1051.78" departLane="best" from="35155498#1" to="12907381#1"/>
    <trip id="motorcycle78" type="motorcycle_motorcycle" depart="1065.44" departLane="best" from="-446998087" to="-5686883#2"/>
    <trip id="motorcycle79" type="motorcycle_motorcycle" depart="1079.10" departLane="best" from="1264777205#1" to="542549034#1"/>
    <trip id="motorcycle80" type="motorcycle_motorcycle" depart="1092.76" departLane="best" from="24221125#2" to="-133596276#13"/>
    <trip id="motorcycle81" type="motorcycle_motorcycle" depart="1106.42" departLane="best" from="991014010#3" to="5080129#2"/>
    <trip id="motorcycle82" type="motorcycle_motorcycle" depart="1120.08" departLane="best" from="-689943870#2" to="5686892#1"/>
    <trip id="motorcycle83" type="motorcycle_motorcycle" depart="1133.74" departLane="best" from="5090416#1" to="33651796#1"/>
    <trip id="motorcycle84" type="motorcycle_motorcycle" depart="1147.40" departLane="best" from="217103554#1" to="36355963#3"/>
    <trip id="motorcycle85" type="motorcycle_motorcycle" depart="1161.06" departLane="best" departSpeed="max" from="10390225#0" to="1347508055#1"/>
    <trip id="motorcycle86" type="motorcycle_motorcycle" depart="1174.72" departLane="best" departSpeed="max" from="-799520626#3" to="868914748#1"/>
    <trip id="motorcycle87" type="motorcycle_motorcycle" depart="1188.38" departLane="best" from="-4652070#0" to="4652070#0"/>
    <trip id="motorcycle88" type="motorcycle_motorcycle" depart="1202.04" departLane="best" from="-1333144880" to="-1208975720#4"/>
    <trip id="motorcycle89" type="motorcycle_motorcycle" depart="1215.70" departLane="best" from="64370254#4" to="9423182#1"/>
    <trip id="motorcycle90" type="motorcycle_motorcycle" depart="1229.36" departLane="best" from="24221132#1" to="42965996#2"/>
    <trip id="motorcycle91" type="motorcycle_motorcycle" depart="1243.02" departLane="best" from="-33243155#13" to="-4674874#5"/>
    <trip id="motorcycle92" type="motorcycle_motorcycle" depart="1256.68" departLane="best" from="-689943870#1" to="249842974#1"/>
    <trip id="motorcycle93" type="motorcycle_motorcycle" depart="1270.34" departLane="best" from="24162504#2" to="446810242#3"/>
    <trip id="motorcycle94" type="motorcycle_motorcycle" depart="1284.00" departLane="best" from="1347508055#2" to="25714347#3"/>
    <trip id="motorcycle95" type="motorcycle_motorcycle" depart="1297.66" departLane="best" from="222151618#8" to="5213460#1"/>
    <trip id="motorcycle96" type="motorcycle_motorcycle" depart="1311.31" departLane="best" from="33243155#7" to="689943772#2"/>
    <trip id="motorcycle97" type="motorcycle_motorcycle" depart="1324.97" departLane="best" from="25823113#0" to="35155370#1"/>
    <trip id="motorcycle98" type="motorcycle_motorcycle" depart="1338.63" departLane="best" from="4321249#2" to="24221134#2"/>
    <trip id="motorcycle99" type="motorcycle_motorcycle" depart="1352.29" departLane="best" from="553564802#1" to="-435644179"/>
    <trip id="motorcycle100" type="motorcycle_motorcycle" depart="1365.95" departLane="best" from="25823113#0" to="-30979426#2"/>
    <trip id="motorcycle101" type="motorcycle_motorcycle" depart="1379.61" departLane="best" from="1188204205#2" to="25714347#3"/>
    <trip id="motorcycle102" type="motorcycle_motorcycle" depart="1393.27" departLane="best" from="-229439555#2" to="-61760485"/>
    <trip id="motorcycle103" type="motorcycle_motorcycle" depart="1406.93" departLane="best" from="-355796009#1" to="4212258#7"/>
    <trip id="motorcycle104" type="motorcycle_motorcycle" depart="1420.59" departLane="best" from="35155370#1" to="-4674878#2"/>
    <trip id="motorcycle105" type="motorcycle_motorcycle" depart="1434.25" departLane="best" from="5105841#1" to="446998087"/>
    <trip id="motorcycle106" type="motorcycle_motorcycle" depart="1447.91" departLane="best" from="-222151618#4" to="-133596276#1"/>
    <trip id="motorcycle107" type="motorcycle_motorcycle" depart="1461.57" departLane="best" from="991014010#1" to="969625974#1"/>
    <trip id="motorcycle108" type="motorcycle_motorcycle" depart="1475.23" departLane="best" from="222151618#4" to="36355963#3"/>
    <trip id="motorcycle109" type="motorcycle_motorcycle" depart="1488.89" departLane="best" from="-4652070#0" to="61760484#1"/>
    <trip id="motorcycle110" type="motorcycle_motorcycle" depart="1502.55" departLane="best" departSpeed="max" from="553562816#0" to="553562816#9"/>
    <trip id="motorcycle111" type="motorcycle_motorcycle" depart="1516.21" departLane="best" departSpeed="max" from="-689943772#2" to="-33243155#11"/>
    <trip id="motorcycle112" type="motorcycle_motorcycle" depart="1529.87" departLane="best" from="-30327576#2" to="868914753#0"/>
    <trip id="motorcycle113" type="motorcycle_motorcycle" depart="1543.53" departLane="best" from="34545817#1" to="-10390227#1"/>
    <trip id="motorcycle114" type="motorcycle_motorcycle" depart="1557.19" departLane="best" from="4674874#3" to="-4674878#1"/>
    <trip id="motorcycle115" type="motorcycle_motorcycle" depart="1570.85" departLane="best" from="-292603459#0" to="-24221132#4"/>
    <trip id="motorcycle116" type="motorcycle_motorcycle" depart="1584.51" departLane="best" from="24221132#1" to="24221128#2"/>
    <trip id="motorcycle117" type="motorcycle_motorcycle" depart="1598.17" departLane="best" from="4674632#1" to="292603460#0"/>
    <trip id="motorcycle118" type="motorcycle_motorcycle" depart="1611.82" departLane="best" from="4321249#1" to="-35159935#2"/>
    <trip id="motorcycle119" type="motorcycle_motorcycle" depart="1625.48" departLane="best" from="-33243155#3" to="-458503768#2"/>
    <trip id="motorcycle120" type="motorcycle_motorcycle" depart="1639.14" departLane="best" from="217103554#3" to="5686877#1"/>
    <trip id="motorcycle121" type="motorcycle_motorcycle" depart="1652.80" departLane="best" from="5085157#2" to="229439555#2"/>
    <trip id="motorcycle122" type="motorcycle_motorcycle" depart="1666.46" departLane="best" from="1208975720#4" to="-4674578#1"/>
    <trip id="motorcycle123" type="motorcycle_motorcycle" depart="1680.12" departLane="best" from="-10070564#4" to="4652038#3"/>
    <trip id="motorcycle124" type="motorcycle_motorcycle" depart="1693.78" departLane="best" from="-33243155#8" to="458503767#2"/>
    <trip id="motorcycle125" type="motorcycle_motorcycle" depart="1707.44" departLane="best" from="446810242#1" to="-24221128#1"/>
    <trip id="motorcycle126" type="motorcycle_motorcycle" depart="1721.10" departLane="best" from="1232401926#0" to="-10390227#3"/>
    <trip id="motorcycle127" type="motorcycle_motorcycle" depart="1734.76" departLane="best" from="-222151618#8" to="553564802#5"/>
    <trip id="motorcycle128" type="motorcycle_motorcycle" depart="1748.42" departLane="best" from="553564817#3" to="24162508#1"/>
    <trip id="motorcycle129" type="motorcycle_motorcycle" depart="1762.08" departLane="best" from="30979426#4" to="248101310#8"/>
    <trip id="motorcycle131" type="motorcycle_motorcycle" depart="1789.40" departLane="best" from="4674624#3" to="538037287#5"/>
    <trip id="motorcycle132" type="motorcycle_motorcycle" depart="1803.06" departLane="best" from="-446998087" to="-24162504#2"/>
    <trip id="motorcycle133" type="motorcycle_motorcycle" depart="1816.72" departLane="best" from="4652045#3" to="553564802#6"/>
    <trip id="motorcycle134" type="motorcycle_motorcycle" depart="1830.38" departLane="best" from="10390227#4" to="30979426#3"/>
    <trip id="motorcycle135" type="motorcycle_motorcycle" depart="1844.04" departLane="best" from="33243155#13" to="-6038443#0"/>
    <trip id="motorcycle136" type="motorcycle_motorcycle" depart="1857.70" departLane="best" from="538037287#2" to="745505114#2"/>
    <trip id="motorcycle137" type="motorcycle_motorcycle" depart="1871.36" departLane="best" from="4674805#2" to="553564802#1"/>
    <trip id="motorcycle138" type="motorcycle_motorcycle" depart="1885.02" departLane="best" from="1208975720#6" to="435644179"/>
    <trip id="motorcycle139" type="motorcycle_motorcycle" depart="1898.67" departLane="best" from="4674711#2" to="542553251#1"/>
    <trip id="motorcycle140" type="motorcycle_motorcycle" depart="1912.33" departLane="best" from="4674805#2" to="-4652041#2"/>
    <trip id="motorcycle141" type="motorcycle_motorcycle" depart="1925.99" departLane="best" from="4652071#1" to="24221128#1"/>
    <trip id="motorcycle142" type="motorcycle_motorcycle" depart="1939.65" departLane="best" from="542553251#2" to="538037287#3"/>
    <trip id="motorcycle143" type="motorcycle_motorcycle" depart="1953.31" departLane="best" from="-4212258#7" to="4674874#5"/>
    <trip id="motorcycle144" type="motorcycle_motorcycle" depart="1966.97" departLane="best" from="133596276#12" to="-4675951#6"/>
    <trip id="motorcycle145" type="motorcycle_motorcycle" depart="1980.63" departLane="best" from="4674624#2" to="-42965996#2"/>
    <trip id="motorcycle146" type="motorcycle_motorcycle" depart="1994.29" departLane="best" from="1208975720#4" to="-35155498#1"/>
    <trip id="motorcycle147" type="motorcycle_motorcycle" depart="2007.95" departLane="best" from="551965788#2" to="542553251#2"/>
    <trip id="motorcycle148" type="motorcycle_motorcycle" depart="2021.61" departLane="best" from="689943870#0" to="-4674632#1"/>
    <trip id="motorcycle149" type="motorcycle_motorcycle" depart="2035.27" departLane="best" from="-33651839#0" to="-10070564#5"/>
    <trip id="motorcycle150" type="motorcycle_motorcycle" depart="2048.93" departLane="best" from="745505114#2" to="237888210"/>
    <trip id="motorcycle151" type="motorcycle_motorcycle" depart="2062.59" departLane="best" from="6038443#1" to="-24221132#4"/>
    <trip id="motorcycle152" type="motorcycle_motorcycle" depart="2076.25" departLane="best" from="689943872#0" to="-34545818"/>
    <trip id="motorcycle153" type="motorcycle_motorcycle" depart="2089.91" departLane="best" from="-686198241#0" to="-4652040#1"/>
    <trip id="motorcycle154" type="motorcycle_motorcycle" depart="2103.57" departLane="best" from="24221132#2" to="-1262538008#1"/>
    <trip id="motorcycle155" type="motorcycle_motorcycle" depart="2117.23" departLane="best" from="4321249#8" to="-5085157#1"/>
    <trip id="motorcycle156" type="motorcycle_motorcycle" depart="2130.89" departLane="best" from="-900926531#1" to="248101310#9"/>
    <trip id="motorcycle157" type="motorcycle_motorcycle" depart="2144.55" departLane="best" from="-458026975#2" to="-404138420#2"/>
    <trip id="motorcycle158" type="motorcycle_motorcycle" depart="2158.21" departLane="best" from="-10070564#2" to="5686885#2"/>
    <trip id="motorcycle159" type="motorcycle_motorcycle" depart="2171.87" departLane="best" from="24162450#2" to="-42965996#3"/>
    <trip id="motorcycle160" type="motorcycle_motorcycle" depart="2185.52" departLane="best" from="446810242#1" to="35155369#1"/>
    <trip id="motorcycle161" type="motorcycle_motorcycle" depart="2199.18" departLane="best" departSpeed="max" from="-686198241#1" to="-218186575#5"/>
    <trip id="motorcycle162" type="motorcycle_motorcycle" depart="2212.84" departLane="best" departSpeed="max" from="34614465#0" to="-5213460#4"/>
    <trip id="motorcycle163" type="motorcycle_motorcycle" depart="2226.50" departLane="best" from="-5105840#1" to="5090442#8"/>
    <trip id="motorcycle164" type="motorcycle_motorcycle" depart="2240.16" departLane="best" from="4321249#12" to="-4674878#2"/>
    <trip id="motorcycle165" type="motorcycle_motorcycle" depart="2253.82" departLane="best" from="-5090442#2" to="-110118921#2"/>
    <trip id="motorcycle166" type="motorcycle_motorcycle" depart="2267.48" departLane="best" from="10390225#1" to="-4674874#3"/>
    <trip id="motorcycle167" type="motorcycle_motorcycle" depart="2281.14" departLane="best" from="61760482#0" to="35155371#1"/>
    <trip id="motorcycle168" type="motorcycle_motorcycle" depart="2294.80" departLane="best" from="-553564817#2" to="30979233#2"/>
    <trip id="motorcycle169" type="motorcycle_motorcycle" depart="2308.46" departLane="best" from="468563692#2" to="24162508#3"/>
    <trip id="motorcycle170" type="motorcycle_motorcycle" depart="2322.12" departLane="best" from="1262439339" to="25365934#0"/>
    <trip id="motorcycle171" type="motorcycle_motorcycle" depart="2335.78" departLane="best" from="34545818" to="-133596276#6"/>
    <trip id="motorcycle172" type="motorcycle_motorcycle" depart="2349.44" departLane="best" from="1264777205#0" to="-36355963#3"/>
    <trip id="motorcycle173" type="motorcycle_motorcycle" depart="2363.10" departLane="best" from="4674624#2" to="-34109830"/>
    <trip id="motorcycle174" type="motorcycle_motorcycle" depart="2376.76" departLane="best" from="22913838#1" to="223420013#1"/>
    <trip id="motorcycle175" type="motorcycle_motorcycle" depart="2390.42" departLane="best" from="33243155#13" to="-542553251#1"/>
    <trip id="motorcycle176" type="motorcycle_motorcycle" depart="2404.08" departLane="best" from="4674874#5" to="446810243#2"/>
    <trip id="motorcycle177" type="motorcycle_motorcycle" depart="2417.74" departLane="best" from="35155370#2" to="-4212258#6"/>
    <trip id="motorcycle178" type="motorcycle_motorcycle" depart="2431.40" departLane="best" from="-35159935#1" to="-1208975720#3"/>
    <trip id="motorcycle179" type="motorcycle_motorcycle" depart="2445.06" departLane="best" from="446810242#2" to="133669149#4"/>
    <trip id="motorcycle180" type="motorcycle_motorcycle" depart="2458.72" departLane="best" from="5090416#3" to="-220918245#2"/>
    <trip id="motorcycle181" type="motorcycle_motorcycle" depart="2472.38" departLane="best" from="1186126655#0" to="33243155#11"/>
    <trip id="motorcycle182" type="motorcycle_motorcycle" depart="2486.03" departLane="best" from="218186575#5" to="4321249#8"/>
    <trip id="motorcycle183" type="motorcycle_motorcycle" depart="2499.69" departLane="best" from="34551477#1" to="-10390225#0"/>
    <trip id="motorcycle184" type="motorcycle_motorcycle" depart="2513.35" departLane="best" from="-24221130#1" to="-1232401926#0"/>
    <trip id="motorcycle185" type="motorcycle_motorcycle" depart="2527.01" departLane="best" from="34551477#2" to="686198241#1"/>
    <trip id="motorcycle186" type="motorcycle_motorcycle" depart="2540.67" departLane="best" departSpeed="max" from="22913838#0" to="133596276#13"/>
    <trip id="motorcycle187" type="motorcycle_motorcycle" depart="2554.33" departLane="best" from="-446810243#2" to="5090442#8"/>
    <trip id="motorcycle188" type="motorcycle_motorcycle" depart="2567.99" departLane="best" from="-1333144881" to="4674711#3"/>
    <trip id="motorcycle189" type="motorcycle_motorcycle" depart="2581.65" departLane="best" from="35155369#1" to="868914753#1"/>
    <trip id="motorcycle190" type="motorcycle_motorcycle" depart="2595.31" departLane="best" from="25823113#1" to="6694649#1"/>
    <trip id="motorcycle191" type="motorcycle_motorcycle" depart="2608.97" departLane="best" from="553564802#2" to="30327576#6"/>
    <trip id="motorcycle192" type="motorcycle_motorcycle" depart="2622.63" departLane="best" from="-4321249#10" to="-222151618#8"/>
    <trip id="motorcycle193" type="motorcycle_motorcycle" depart="2636.29" departLane="best" from="553564813#10" to="446810239#1"/>
    <trip id="motorcycle195" type="motorcycle_motorcycle" depart="2663.61" departLane="best" from="446810243#0" to="33651795#2"/>
    <trip id="motorcycle196" type="motorcycle_motorcycle" depart="2677.27" departLane="best" from="4652015#0" to="-22913838#2"/>
    <trip id="motorcycle197" type="motorcycle_motorcycle" depart="2690.93" departLane="best" from="312669017#1" to="-4652071#4"/>
    <trip id="motorcycle198" type="motorcycle_motorcycle" depart="2704.59" departLane="best" from="-4674578#2" to="-5090442#2"/>
    <trip id="motorcycle199" type="motorcycle_motorcycle" depart="2718.25" departLane="best" from="-24162504#0" to="-25823261#1"/>
    <trip id="motorcycle200" type="motorcycle_motorcycle" depart="2731.91" departLane="best" from="4321249#12" to="35565362#2"/>
    <trip id="motorcycle202" type="motorcycle_motorcycle" depart="2759.23" departLane="best" from="1187395322#1" to="-355796009#0"/>
    <trip id="motorcycle203" type="motorcycle_motorcycle" depart="2772.88" departLane="best" from="1188204205#3" to="-5686860#1"/>
    <trip id="motorcycle205" type="motorcycle_motorcycle" depart="2800.20" departLane="best" departSpeed="max" from="-799520626#3" to="-10390225#0"/>
    <trip id="motorcycle206" type="motorcycle_motorcycle" depart="2813.86" departLane="best" from="-62058564" to="446999759"/>
    <trip id="motorcycle207" type="motorcycle_motorcycle" depart="2827.52" departLane="best" from="-5090442#6" to="6694657#2"/>
    <trip id="motorcycle208" type="motorcycle_motorcycle" depart="2841.18" departLane="best" from="1188204205#2" to="446810242#3"/>
    <trip id="motorcycle209" type="motorcycle_motorcycle" depart="2854.84" departLane="best" from="24162508#2" to="292021138#5"/>
    <trip id="motorcycle210" type="motorcycle_motorcycle" depart="2868.50" departLane="best" from="-4212258#6" to="404138420#2"/>
    <trip id="motorcycle211" type="motorcycle_motorcycle" depart="2882.16" departLane="best" from="1262538009#0" to="-1262466662"/>
    <trip id="motorcycle212" type="motorcycle_motorcycle" depart="2895.82" departLane="best" from="10390227#2" to="-33651795#2"/>
    <trip id="motorcycle213" type="motorcycle_motorcycle" depart="2909.48" departLane="best" from="30979426#4" to="-1208975720#6"/>
    <trip id="motorcycle214" type="motorcycle_motorcycle" depart="2923.14" departLane="best" from="-10070564#0" to="24221134#2"/>
    <trip id="motorcycle215" type="motorcycle_motorcycle" depart="2936.80" departLane="best" from="-1262466663#0" to="33651840#2"/>
    <trip id="motorcycle216" type="motorcycle_motorcycle" depart="2950.46" departLane="best" from="133596276#4" to="-689943870#2"/>
    <trip id="motorcycle217" type="motorcycle_motorcycle" depart="2964.12" departLane="best" from="458503768#2" to="-689943870#2"/>
    <trip id="motorcycle218" type="motorcycle_motorcycle" depart="2977.78" departLane="best" from="45155111#2" to="4675957#5"/>
    <trip id="motorcycle219" type="motorcycle_motorcycle" depart="2991.44" departLane="best" from="-45155110#0" to="-222151622#4"/>
    <trip id="motorcycle220" type="motorcycle_motorcycle" depart="3005.10" departLane="best" from="-991014010#3" to="-5686860#0"/>
    <trip id="motorcycle222" type="motorcycle_motorcycle" depart="3032.42" departLane="best" from="34121615#1" to="45153939#0"/>
    <trip id="motorcycle223" type="motorcycle_motorcycle" depart="3046.08" departLane="best" from="62058569#0" to="-35155499#2"/>
    <trip id="motorcycle224" type="motorcycle_motorcycle" depart="3059.73" departLane="best" from="-1186126655#0" to="-30979426#2"/>
    <trip id="motorcycle225" type="motorcycle_motorcycle" depart="3073.39" departLane="best" from="248101310#9" to="35154847#3"/>
    <trip id="motorcycle226" type="motorcycle_motorcycle" depart="3087.05" departLane="best" from="24221134#2" to="-381084333#0"/>
    <trip id="motorcycle227" type="motorcycle_motorcycle" depart="3100.71" departLane="best" from="-34109833#3" to="292603461#3"/>
    <trip id="motorcycle228" type="motorcycle_motorcycle" depart="3114.37" departLane="best" from="-446998087" to="-24221132#3"/>
    <trip id="motorcycle229" type="motorcycle_motorcycle" depart="3128.03" departLane="best" from="4674878#0" to="689943870#2"/>
    <trip id="motorcycle230" type="motorcycle_motorcycle" depart="3141.69" departLane="best" from="-24221132#2" to="-1208975720#4"/>
    <trip id="motorcycle231" type="motorcycle_motorcycle" depart="3155.35" departLane="best" from="-5090442#7" to="35155371#1"/>
    <trip id="motorcycle232" type="motorcycle_motorcycle" depart="3169.01" departLane="best" from="-6694649#0" to="10070564#2"/>
    <trip id="motorcycle233" type="motorcycle_motorcycle" depart="3182.67" departLane="best" from="355796009#1" to="314651045#1"/>
    <trip id="motorcycle234" type="motorcycle_motorcycle" depart="3196.33" departLane="best" from="24221125#2" to="-4652040#0"/>
    <trip id="motorcycle235" type="motorcycle_motorcycle" depart="3209.99" departLane="best" from="5090416#4" to="292021138#3"/>
    <trip id="motorcycle236" type="motorcycle_motorcycle" depart="3223.65" departLane="best" from="-24781234#6" to="868914747#0"/>
    <trip id="motorcycle238" type="motorcycle_motorcycle" depart="3250.97" departLane="best" from="1232401926#0" to="-64370254#3"/>
    <trip id="motorcycle239" type="motorcycle_motorcycle" depart="3264.63" departLane="best" from="222151621" to="-553562814#1"/>
    <trip id="motorcycle240" type="motorcycle_motorcycle" depart="3278.29" departLane="best" from="5090416#3" to="-4675951#1"/>
    <trip id="motorcycle241" type="motorcycle_motorcycle" depart="3291.95" departLane="best" from="-24221130#0" to="689943772#2"/>
    <trip id="motorcycle242" type="motorcycle_motorcycle" depart="3305.61" departLane="best" from="33243155#4" to="4675957#2"/>
    <trip id="motorcycle243" type="motorcycle_motorcycle" depart="3319.27" departLane="best" from="4212258#3" to="1262538009#0"/>
    <trip id="motorcycle244" type="motorcycle_motorcycle" depart="3332.93" departLane="best" from="43887242#2" to="689943870#2"/>
    <trip id="motorcycle245" type="motorcycle_motorcycle" depart="3346.59" departLane="best" from="-4652071#5" to="4674805#1"/>
    <trip id="motorcycle246" type="motorcycle_motorcycle" depart="3360.24" departLane="best" from="24162450#1" to="20062381#0"/>
    <trip id="motorcycle247" type="motorcycle_motorcycle" depart="3373.90" departLane="best" from="1262538008#1" to="4321249#5"/>
    <trip id="motorcycle248" type="motorcycle_motorcycle" depart="3387.56" departLane="best" from="-4652071#4" to="5105841#1"/>
    <trip id="motorcycle249" type="motorcycle_motorcycle" depart="3401.22" departLane="best" from="133596276#5" to="-30327576#2"/>
    <trip id="motorcycle250" type="motorcycle_motorcycle" depart="3414.88" departLane="best" departSpeed="max" from="-799520626#3" to="-1262466662"/>
    <trip id="motorcycle251" type="motorcycle_motorcycle" depart="3428.54" departLane="best" from="-365883396#1" to="4674709#0"/>
    <trip id="motorcycle252" type="motorcycle_motorcycle" depart="3442.20" departLane="best" from="-5686878#5" to="553564800#1"/>
    <trip id="motorcycle254" type="motorcycle_motorcycle" depart="3469.52" departLane="best" from="10390227#3" to="-64370254#4"/>
    <trip id="motorcycle255" type="motorcycle_motorcycle" depart="3483.18" departLane="best" from="22913838#2" to="42965996#3"/>
    <trip id="motorcycle256" type="motorcycle_motorcycle" depart="3496.84" departLane="best" from="217103554#3" to="458026975#1"/>
    <trip id="motorcycle257" type="motorcycle_motorcycle" depart="3510.50" departLane="best" from="355796009#1" to="34109831#1"/>
    <trip id="motorcycle258" type="motorcycle_motorcycle" depart="3524.16" departLane="best" from="237887998" to="-4212258#2"/>
    <trip id="motorcycle259" type="motorcycle_motorcycle" depart="3537.82" departLane="best" from="355796009#2" to="-4675953#0"/>
    <trip id="motorcycle260" type="motorcycle_motorcycle" depart="3551.48" departLane="best" from="25365934#0" to="133669149#1"/>
    <trip id="motorcycle261" type="motorcycle_motorcycle" depart="3565.14" departLane="best" from="23448052#1" to="-1232401926#0"/>
    <trip id="motorcycle262" type="motorcycle_motorcycle" depart="3578.80" departLane="best" from="446810243#1" to="-5213460#4"/>
</routes>
