<?xml version="1.0" encoding="UTF-8"?>

<!-- generated on 2025-03-27 21:59:01 by Eclipse SUMO GUI Version 1.21.0
<sumoConfiguration xmlns:xsi="http://www.w3.org/2001/XMLSchema-instance" xsi:noNamespaceSchemaLocation="http://sumo.dlr.de/xsd/sumoConfiguration.xsd">

    <input>
        <net-file value="config/acosta_peds.net.xml"/>
        <route-files value="config/acosta.rou.xml,config/persontrips.rou.xml"/>
        <additional-files value="config/acosta_vtypes.add.xml,config/acosta_bus_stops.add.xml,config/acosta_tls2.add.xml"/>
    </input>

    <output>
        <tripinfo-output value="config/tripinfos.xml"/>
        <stop-output value="config/stops.xml"/>
    </output>

    <time>
        <step-length value="2"/>
    </time>

    <processing>
        <threads value="1"/>
        <no-internal-links value="true"/>
        <ignore-route-errors value="true"/>
        <collision.action value="warn"/>
        <scale value="2.5"/>
        <time-to-teleport value="60"/>
        <max-depart-delay value="600"/>
        <lanechange.duration value="0"/>
        <time-to-impatience value="0"/>
    </processing>

    <routing>
        <device.rerouting.period value="3600"/>
    </routing>

    <report>
        <xml-validation value="never"/>
        <no-warnings value="true"/>
        <log value="config/sumo_log.txt"/>
        <no-step-log value="true"/>
    </report>

    <traci_server>
        <remote-port value="49782"/>
    </traci_server>

    <gui_only>
        <gui-settings-file value="config/settings.gui.xml"/>
    </gui_only>

</sumoConfiguration>
-->

<stops xmlns:xsi="http://www.w3.org/2001/XMLSchema-instance" xsi:noNamespaceSchemaLocation="http://sumo.dlr.de/xsd/stopinfo_file.xsd">
</stops>
