<?xml version="1.0" encoding="UTF-8"?>

<!-- generated on 2025-03-27 21:59:01 by Eclipse SUMO GUI Version 1.21.0
<sumoConfiguration xmlns:xsi="http://www.w3.org/2001/XMLSchema-instance" xsi:noNamespaceSchemaLocation="http://sumo.dlr.de/xsd/sumoConfiguration.xsd">

    <input>
        <net-file value="config/acosta_peds.net.xml"/>
        <route-files value="config/acosta.rou.xml,config/persontrips.rou.xml"/>
        <additional-files value="config/acosta_vtypes.add.xml,config/acosta_bus_stops.add.xml,config/acosta_tls2.add.xml"/>
    </input>

    <output>
        <tripinfo-output value="config/tripinfos.xml"/>
        <stop-output value="config/stops.xml"/>
    </output>

    <time>
        <step-length value="2"/>
    </time>

    <processing>
        <threads value="1"/>
        <no-internal-links value="true"/>
        <ignore-route-errors value="true"/>
        <collision.action value="warn"/>
        <scale value="2.5"/>
        <time-to-teleport value="60"/>
        <max-depart-delay value="600"/>
        <lanechange.duration value="0"/>
        <time-to-impatience value="0"/>
    </processing>

    <routing>
        <device.rerouting.period value="3600"/>
    </routing>

    <report>
        <xml-validation value="never"/>
        <no-warnings value="true"/>
        <log value="config/sumo_log.txt"/>
        <no-step-log value="true"/>
    </report>

    <traci_server>
        <remote-port value="49782"/>
    </traci_server>

    <gui_only>
        <gui-settings-file value="config/settings.gui.xml"/>
    </gui_only>

</sumoConfiguration>
-->

<tripinfos xmlns:xsi="http://www.w3.org/2001/XMLSchema-instance" xsi:noNamespaceSchemaLocation="http://sumo.dlr.de/xsd/tripinfo_file.xsd">
    <personinfo id="13" depart="8.00" type="DEFAULT_PEDTYPE" speedFactor="0.96" duration="62.00" waitingTime="0.00" timeLoss="7.01" traveltime="62.00">
        <walk depart="8.00" departPos="0.00" arrival="70.00" arrivalPos="73.53" duration="62.00" routeLength="73.53" timeLoss="7.01" maxSpeed="1.34"/>
    </personinfo>
    <personinfo id="13.1" depart="8.00" type="DEFAULT_PEDTYPE" speedFactor="1.01" duration="62.00" waitingTime="0.00" timeLoss="9.59" traveltime="62.00">
        <walk depart="8.00" departPos="0.00" arrival="70.00" arrivalPos="73.53" duration="62.00" routeLength="73.53" timeLoss="9.59" maxSpeed="1.40"/>
    </personinfo>
    <personinfo id="36" depart="18.00" type="DEFAULT_PEDTYPE" speedFactor="1.02" duration="58.00" waitingTime="0.00" timeLoss="8.21" traveltime="58.00">
        <walk depart="18.00" departPos="0.00" arrival="76.00" arrivalPos="3.72" duration="58.00" routeLength="70.80" timeLoss="8.21" maxSpeed="1.42"/>
    </personinfo>
    <personinfo id="36.2" depart="18.00" type="DEFAULT_PEDTYPE" speedFactor="1.05" duration="58.00" waitingTime="0.00" timeLoss="9.44" traveltime="58.00">
        <walk depart="18.00" departPos="0.00" arrival="76.00" arrivalPos="3.72" duration="58.00" routeLength="70.80" timeLoss="9.44" maxSpeed="1.46"/>
    </personinfo>
    <personinfo id="127" depart="64.00" type="DEFAULT_PEDTYPE" speedFactor="1.04" duration="12.00" waitingTime="0.00" timeLoss="2.43" traveltime="12.00">
        <walk depart="64.00" departPos="0.00" arrival="76.00" arrivalPos="13.78" duration="12.00" routeLength="13.78" timeLoss="2.43" maxSpeed="1.44"/>
    </personinfo>
    <personinfo id="127.1" depart="64.00" type="DEFAULT_PEDTYPE" speedFactor="0.94" duration="12.00" waitingTime="0.00" timeLoss="1.46" traveltime="12.00">
        <walk depart="64.00" departPos="0.00" arrival="76.00" arrivalPos="13.78" duration="12.00" routeLength="13.78" timeLoss="1.46" maxSpeed="1.31"/>
    </personinfo>
    <personinfo id="36.1" depart="18.00" type="DEFAULT_PEDTYPE" speedFactor="1.06" duration="60.00" waitingTime="0.00" timeLoss="12.01" traveltime="60.00">
        <walk depart="18.00" departPos="0.00" arrival="78.00" arrivalPos="3.72" duration="60.00" routeLength="70.80" timeLoss="12.01" maxSpeed="1.48"/>
    </personinfo>
    <tripinfo id="Audinot_7_0" depart="0.00" departLane="131_1" departPos="0.00" departSpeed="0.00" departDelay="0.00" arrival="78.00" arrivalLane="209_1" arrivalPos="395.59" arrivalSpeed="11.78" duration="78.00" routeLength="851.19" waitingTime="0.00" waitingCount="0" stopTime="0.00" timeLoss="13.90" rerouteNo="0" devices="tripinfo_Audinot_7_0" vType="passenger4" speedFactor="0.98" vaporized=""/>
    <tripinfo id="Audinot_7_0.1" depart="4.00" departLane="131_1" departPos="0.00" departSpeed="0.00" departDelay="4.00" arrival="78.00" arrivalLane="209_2" arrivalPos="395.59" arrivalSpeed="14.54" duration="74.00" routeLength="851.19" waitingTime="0.00" waitingCount="0" stopTime="0.00" timeLoss="16.80" rerouteNo="0" devices="tripinfo_Audinot_7_0.1" vType="passenger1" speedFactor="1.08" vaporized=""/>
    <tripinfo id="Audinot_7_0.2" depart="6.00" departLane="131_1" departPos="0.00" departSpeed="0.00" departDelay="6.00" arrival="80.00" arrivalLane="209_1" arrivalPos="395.59" arrivalSpeed="15.74" duration="74.00" routeLength="851.19" waitingTime="2.00" waitingCount="1" stopTime="0.00" timeLoss="21.90" rerouteNo="0" devices="tripinfo_Audinot_7_0.2" vType="passenger2b" speedFactor="1.20" vaporized=""/>
    <personinfo id="8.2" depart="4.00" type="DEFAULT_PEDTYPE" speedFactor="1.07" duration="78.00" waitingTime="0.00" timeLoss="10.10" traveltime="78.00">
        <walk depart="4.00" departPos="0.00" arrival="82.00" arrivalPos="59.95" duration="78.00" routeLength="100.94" timeLoss="10.10" maxSpeed="1.49"/>
    </personinfo>
    <personinfo id="8" depart="4.00" type="DEFAULT_PEDTYPE" speedFactor="1.02" duration="82.00" waitingTime="0.00" timeLoss="10.91" traveltime="82.00">
        <walk depart="4.00" departPos="0.00" arrival="86.00" arrivalPos="59.95" duration="82.00" routeLength="100.94" timeLoss="10.91" maxSpeed="1.42"/>
    </personinfo>
    <tripinfo id="Silvani_11_0" depart="0.00" departLane="203[0]_1" departPos="0.00" departSpeed="0.00" departDelay="0.00" arrival="86.00" arrivalLane="114_1" arrivalPos="694.55" arrivalSpeed="13.81" duration="86.00" routeLength="1093.25" waitingTime="0.00" waitingCount="0" stopTime="0.00" timeLoss="8.38" rerouteNo="0" devices="tripinfo_Silvani_11_0" vType="passenger1" speedFactor="1.02" vaporized=""/>
    <tripinfo id="Silvani_11_0.1" depart="2.00" departLane="203[0]_1" departPos="0.00" departSpeed="0.00" departDelay="2.00" arrival="86.00" arrivalLane="114_2" arrivalPos="694.55" arrivalSpeed="12.82" duration="84.00" routeLength="1093.25" waitingTime="0.00" waitingCount="0" stopTime="0.00" timeLoss="10.93" rerouteNo="0" devices="tripinfo_Silvani_11_0.1" vType="passenger3" speedFactor="1.09" vaporized=""/>
    <tripinfo id="Togliatti_12_15" depart="22.00" departLane="85_3" departPos="0.00" departSpeed="0.00" departDelay="1.00" arrival="92.00" arrivalLane="136_1" arrivalPos="186.29" arrivalSpeed="13.23" duration="70.00" routeLength="849.87" waitingTime="0.00" waitingCount="0" stopTime="0.00" timeLoss="13.14" rerouteNo="0" devices="tripinfo_Togliatti_12_15" vType="passenger3" speedFactor="1.09" vaporized=""/>
    <tripinfo id="Silvani_11_1.1" depart="10.00" departLane="203[0]_1" departPos="0.00" departSpeed="0.00" departDelay="8.00" arrival="96.00" arrivalLane="114_1" arrivalPos="694.55" arrivalSpeed="15.38" duration="86.00" routeLength="1093.25" waitingTime="0.00" waitingCount="0" stopTime="0.00" timeLoss="17.06" rerouteNo="0" devices="tripinfo_Silvani_11_1.1" vType="passenger2a" speedFactor="1.15" vaporized=""/>
    <tripinfo id="Togliatti_12_15.1" depart="24.00" departLane="85_3" departPos="0.00" departSpeed="0.00" departDelay="3.00" arrival="98.00" arrivalLane="136_1" arrivalPos="186.29" arrivalSpeed="11.54" duration="74.00" routeLength="849.87" waitingTime="2.00" waitingCount="1" stopTime="0.00" timeLoss="12.89" rerouteNo="0" devices="tripinfo_Togliatti_12_15.1" vType="passenger3" speedFactor="1.00" vaporized=""/>
    <tripinfo id="Silvani_11_1.2" depart="12.00" departLane="203[0]_1" departPos="0.00" departSpeed="0.00" departDelay="10.00" arrival="100.00" arrivalLane="114_1" arrivalPos="694.55" arrivalSpeed="13.96" duration="88.00" routeLength="1093.25" waitingTime="0.00" waitingCount="0" stopTime="0.00" timeLoss="17.57" rerouteNo="0" devices="tripinfo_Silvani_11_1.2" vType="passenger2a" speedFactor="1.12" vaporized=""/>
    <personinfo id="8.1" depart="4.00" type="DEFAULT_PEDTYPE" speedFactor="0.83" duration="100.00" waitingTime="0.00" timeLoss="12.73" traveltime="100.00">
        <walk depart="4.00" departPos="0.00" arrival="104.00" arrivalPos="59.95" duration="100.00" routeLength="100.94" timeLoss="12.73" maxSpeed="1.16"/>
    </personinfo>
    <tripinfo id="Silvani_11_1" depart="6.00" departLane="203[0]_1" departPos="0.00" departSpeed="0.00" departDelay="4.00" arrival="108.00" arrivalLane="114_1" arrivalPos="694.55" arrivalSpeed="12.22" duration="102.00" routeLength="1093.25" waitingTime="0.00" waitingCount="0" stopTime="0.00" timeLoss="13.78" rerouteNo="0" devices="tripinfo_Silvani_11_1" vType="passenger1" speedFactor="0.89" vaporized=""/>
    <tripinfo id="Togliatti_12_24.1" depart="36.00" departLane="85_3" departPos="0.00" departSpeed="0.00" departDelay="2.00" arrival="110.00" arrivalLane="136_1" arrivalPos="186.29" arrivalSpeed="14.40" duration="74.00" routeLength="849.87" waitingTime="0.00" waitingCount="0" stopTime="0.00" timeLoss="16.10" rerouteNo="0" devices="tripinfo_Togliatti_12_24.1" vType="passenger1" speedFactor="1.06" vaporized=""/>
    <personinfo id="167" depart="84.00" type="DEFAULT_PEDTYPE" speedFactor="0.94" duration="28.00" waitingTime="0.00" timeLoss="20.33" traveltime="28.00">
        <walk depart="84.00" departPos="0.00" arrival="112.00" arrivalPos="0.17" duration="28.00" routeLength="9.98" timeLoss="20.33" maxSpeed="1.30"/>
    </personinfo>
    <tripinfo id="Silvani_11_8" depart="34.00" departLane="203[0]_1" departPos="0.00" departSpeed="0.00" departDelay="16.00" arrival="112.00" arrivalLane="114_1" arrivalPos="694.55" arrivalSpeed="14.69" duration="78.00" routeLength="1093.25" waitingTime="0.00" waitingCount="0" stopTime="0.00" timeLoss="12.63" rerouteNo="0" devices="tripinfo_Silvani_11_8" vType="passenger2a" speedFactor="1.21" vaporized=""/>
    <personinfo id="64.2" depart="32.00" type="DEFAULT_PEDTYPE" speedFactor="1.16" duration="84.00" waitingTime="0.00" timeLoss="13.52" traveltime="84.00">
        <walk depart="32.00" departPos="0.00" arrival="116.00" arrivalPos="46.52" duration="84.00" routeLength="113.61" timeLoss="13.52" maxSpeed="1.61"/>
    </personinfo>
    <personinfo id="167.1" depart="84.00" type="DEFAULT_PEDTYPE" speedFactor="1.14" duration="32.00" waitingTime="0.00" timeLoss="25.69" traveltime="32.00">
        <walk depart="84.00" departPos="0.00" arrival="116.00" arrivalPos="0.17" duration="32.00" routeLength="9.98" timeLoss="25.69" maxSpeed="1.58"/>
    </personinfo>
    <personinfo id="130.2" depart="66.00" type="DEFAULT_PEDTYPE" speedFactor="1.16" duration="54.00" waitingTime="0.00" timeLoss="8.05" traveltime="54.00">
        <walk depart="66.00" departPos="0.00" arrival="120.00" arrivalPos="73.89" duration="54.00" routeLength="73.89" timeLoss="8.05" maxSpeed="1.61"/>
    </personinfo>
    <tripinfo id="Togliatti_2_8" depart="16.00" departLane="85_1" departPos="0.00" departSpeed="0.00" departDelay="5.00" arrival="120.00" arrivalLane="77[1][1]_1" arrivalPos="462.90" arrivalSpeed="14.29" duration="104.00" routeLength="1077.79" waitingTime="6.00" waitingCount="2" stopTime="0.00" timeLoss="31.58" rerouteNo="0" devices="tripinfo_Togliatti_2_8" vType="passenger2b" speedFactor="1.10" vaporized=""/>
    <tripinfo id="Togliatti_2_8.1" depart="20.00" departLane="85_1" departPos="0.00" departSpeed="0.00" departDelay="9.00" arrival="120.00" arrivalLane="77[1][1]_1" arrivalPos="462.90" arrivalSpeed="14.83" duration="100.00" routeLength="1077.79" waitingTime="4.00" waitingCount="2" stopTime="0.00" timeLoss="32.13" rerouteNo="0" devices="tripinfo_Togliatti_2_8.1" vType="passenger3" speedFactor="1.14" vaporized=""/>
    <personinfo id="26.2" depart="14.00" type="DEFAULT_PEDTYPE" speedFactor="1.12" duration="108.00" waitingTime="0.00" timeLoss="12.78" traveltime="108.00">
        <walk depart="14.00" departPos="0.00" arrival="122.00" arrivalPos="57.63" duration="108.00" routeLength="148.14" timeLoss="12.78" maxSpeed="1.56"/>
    </personinfo>
    <tripinfo id="Togliatti_3_18" depart="26.00" departLane="85_1" departPos="0.00" departSpeed="0.00" departDelay="1.00" arrival="122.00" arrivalLane="14_1" arrivalPos="75.79" arrivalSpeed="13.73" duration="96.00" routeLength="973.22" waitingTime="6.00" waitingCount="2" stopTime="0.00" timeLoss="28.79" rerouteNo="0" devices="tripinfo_Togliatti_3_18" vType="passenger2a" speedFactor="1.07" vaporized=""/>
    <personinfo id="130" depart="66.00" type="DEFAULT_PEDTYPE" speedFactor="0.93" duration="64.00" waitingTime="0.00" timeLoss="6.76" traveltime="64.00">
        <walk depart="66.00" departPos="0.00" arrival="130.00" arrivalPos="73.89" duration="64.00" routeLength="73.89" timeLoss="6.76" maxSpeed="1.29"/>
    </personinfo>
    <personinfo id="130.1" depart="66.00" type="DEFAULT_PEDTYPE" speedFactor="0.95" duration="64.00" waitingTime="0.00" timeLoss="8.03" traveltime="64.00">
        <walk depart="66.00" departPos="0.00" arrival="130.00" arrivalPos="73.89" duration="64.00" routeLength="73.89" timeLoss="8.03" maxSpeed="1.32"/>
    </personinfo>
    <personinfo id="132" depart="66.00" type="DEFAULT_PEDTYPE" speedFactor="0.98" duration="64.00" waitingTime="0.00" timeLoss="7.11" traveltime="64.00">
        <walk depart="66.00" departPos="0.00" arrival="130.00" arrivalPos="0.71" duration="64.00" routeLength="77.38" timeLoss="7.11" maxSpeed="1.36"/>
    </personinfo>
    <personinfo id="132.1" depart="66.00" type="DEFAULT_PEDTYPE" speedFactor="1.09" duration="64.00" waitingTime="0.00" timeLoss="12.90" traveltime="64.00">
        <walk depart="66.00" departPos="0.00" arrival="130.00" arrivalPos="0.71" duration="64.00" routeLength="77.38" timeLoss="12.90" maxSpeed="1.51"/>
    </personinfo>
    <tripinfo id="Togliatti_3_18.2" depart="30.00" departLane="85_1" departPos="0.00" departSpeed="0.00" departDelay="5.00" arrival="130.00" arrivalLane="14_1" arrivalPos="75.79" arrivalSpeed="10.93" duration="100.00" routeLength="973.22" waitingTime="2.00" waitingCount="1" stopTime="0.00" timeLoss="20.90" rerouteNo="0" devices="tripinfo_Togliatti_3_18.2" vType="passenger1" speedFactor="0.90" vaporized=""/>
    <personinfo id="64" depart="32.00" type="DEFAULT_PEDTYPE" speedFactor="0.94" duration="100.00" waitingTime="0.00" timeLoss="13.30" traveltime="100.00">
        <walk depart="32.00" departPos="0.00" arrival="132.00" arrivalPos="46.52" duration="100.00" routeLength="113.61" timeLoss="13.30" maxSpeed="1.31"/>
    </personinfo>
    <personinfo id="26" depart="14.00" type="DEFAULT_PEDTYPE" speedFactor="1.03" duration="118.00" waitingTime="0.00" timeLoss="14.85" traveltime="118.00">
        <walk depart="14.00" departPos="0.00" arrival="132.00" arrivalPos="57.63" duration="118.00" routeLength="148.14" timeLoss="14.85" maxSpeed="1.44"/>
    </personinfo>
    <tripinfo id="Togliatti_3_18.1" depart="28.00" departLane="85_1" departPos="0.00" departSpeed="0.00" departDelay="3.00" arrival="132.00" arrivalLane="14_1" arrivalPos="75.79" arrivalSpeed="14.19" duration="104.00" routeLength="973.22" waitingTime="8.00" waitingCount="3" stopTime="0.00" timeLoss="38.49" rerouteNo="0" devices="tripinfo_Togliatti_3_18.1" vType="passenger1" speedFactor="1.10" vaporized=""/>
    <personinfo id="64.1" depart="32.00" type="DEFAULT_PEDTYPE" speedFactor="0.93" duration="102.00" waitingTime="0.00" timeLoss="14.11" traveltime="102.00">
        <walk depart="32.00" departPos="0.00" arrival="134.00" arrivalPos="46.52" duration="102.00" routeLength="113.61" timeLoss="14.11" maxSpeed="1.29"/>
    </personinfo>
    <tripinfo id="Togliatti_3_31" depart="44.00" departLane="85_1" departPos="0.00" departSpeed="0.00" departDelay="0.00" arrival="134.00" arrivalLane="14_1" arrivalPos="75.79" arrivalSpeed="11.86" duration="90.00" routeLength="973.22" waitingTime="0.00" waitingCount="0" stopTime="0.00" timeLoss="12.26" rerouteNo="0" devices="tripinfo_Togliatti_3_31" vType="passenger4" speedFactor="0.91" vaporized=""/>
    <personinfo id="132.2" depart="66.00" type="DEFAULT_PEDTYPE" speedFactor="0.93" duration="70.00" waitingTime="0.00" timeLoss="10.23" traveltime="70.00">
        <walk depart="66.00" departPos="0.00" arrival="136.00" arrivalPos="0.71" duration="70.00" routeLength="77.38" timeLoss="10.23" maxSpeed="1.29"/>
    </personinfo>
    <personinfo id="26.1" depart="14.00" type="DEFAULT_PEDTYPE" speedFactor="0.99" duration="122.00" waitingTime="0.00" timeLoss="14.70" traveltime="122.00">
        <walk depart="14.00" departPos="0.00" arrival="136.00" arrivalPos="57.63" duration="122.00" routeLength="148.14" timeLoss="14.70" maxSpeed="1.38"/>
    </personinfo>
    <tripinfo id="Silvani_11_8.2" depart="40.00" departLane="203[0]_1" departPos="0.00" departSpeed="0.00" departDelay="22.00" arrival="136.00" arrivalLane="114_1" arrivalPos="694.55" arrivalSpeed="12.51" duration="96.00" routeLength="1093.25" waitingTime="0.00" waitingCount="0" stopTime="0.00" timeLoss="14.39" rerouteNo="0" devices="tripinfo_Silvani_11_8.2" vType="passenger2b" speedFactor="0.97" vaporized=""/>
    <tripinfo id="Silvani_11_9" depart="42.00" departLane="203[0]_1" departPos="0.00" departSpeed="0.00" departDelay="21.00" arrival="136.00" arrivalLane="114_2" arrivalPos="694.55" arrivalSpeed="12.60" duration="94.00" routeLength="1093.25" waitingTime="0.00" waitingCount="0" stopTime="0.00" timeLoss="19.54" rerouteNo="0" devices="tripinfo_Silvani_11_9" vType="passenger2a" speedFactor="1.08" vaporized=""/>
    <tripinfo id="Togliatti_3_31.1" depart="46.00" departLane="85_1" departPos="0.00" departSpeed="0.00" departDelay="2.00" arrival="136.00" arrivalLane="14_1" arrivalPos="75.79" arrivalSpeed="11.64" duration="90.00" routeLength="973.22" waitingTime="4.00" waitingCount="2" stopTime="0.00" timeLoss="18.03" rerouteNo="0" devices="tripinfo_Togliatti_3_31.1" vType="passenger1" speedFactor="0.98" vaporized=""/>
    <tripinfo id="Togliatti_12_24" depart="34.00" departLane="85_3" departPos="0.00" departSpeed="0.00" departDelay="0.00" arrival="138.00" arrivalLane="136_1" arrivalPos="186.29" arrivalSpeed="8.34" duration="104.00" routeLength="849.87" waitingTime="0.00" waitingCount="0" stopTime="0.00" timeLoss="16.43" rerouteNo="0" devices="tripinfo_Togliatti_12_24" vType="passenger2a" speedFactor="0.71" vaporized=""/>
    <tripinfo id="Silvani_11_8.1" depart="38.00" departLane="203[0]_1" departPos="0.00" departSpeed="0.00" departDelay="20.00" arrival="140.00" arrivalLane="114_1" arrivalPos="694.55" arrivalSpeed="12.04" duration="102.00" routeLength="1093.25" waitingTime="0.00" waitingCount="0" stopTime="0.00" timeLoss="12.41" rerouteNo="0" devices="tripinfo_Silvani_11_8.1" vType="passenger2b" speedFactor="0.89" vaporized=""/>
    <tripinfo id="Silvani_11_9.2" depart="48.00" departLane="203[0]_1" departPos="0.00" departSpeed="0.00" departDelay="27.00" arrival="140.00" arrivalLane="114_2" arrivalPos="694.55" arrivalSpeed="13.10" duration="92.00" routeLength="1093.25" waitingTime="0.00" waitingCount="0" stopTime="0.00" timeLoss="15.83" rerouteNo="0" devices="tripinfo_Silvani_11_9.2" vType="passenger2b" speedFactor="1.05" vaporized=""/>
    <tripinfo id="Togliatti_12_24.2" depart="40.00" departLane="85_3" departPos="0.00" departSpeed="0.00" departDelay="6.00" arrival="140.00" arrivalLane="136_1" arrivalPos="186.29" arrivalSpeed="12.85" duration="100.00" routeLength="849.87" waitingTime="0.00" waitingCount="0" stopTime="0.00" timeLoss="38.30" rerouteNo="0" devices="tripinfo_Togliatti_12_24.2" vType="passenger2a" speedFactor="1.01" vaporized=""/>
    <tripinfo id="Togliatti_2_32" depart="52.00" departLane="85_1" departPos="0.00" departSpeed="0.00" departDelay="7.00" arrival="140.00" arrivalLane="77[1][1]_1" arrivalPos="462.90" arrivalSpeed="16.06" duration="88.00" routeLength="1077.79" waitingTime="2.00" waitingCount="1" stopTime="0.00" timeLoss="25.01" rerouteNo="0" devices="tripinfo_Togliatti_2_32" vType="passenger1" speedFactor="1.26" vaporized=""/>
    <tripinfo id="Silvani_11_12.1" depart="56.00" departLane="203[0]_1" departPos="0.00" departSpeed="0.00" departDelay="28.00" arrival="142.00" arrivalLane="114_2" arrivalPos="694.55" arrivalSpeed="11.98" duration="86.00" routeLength="1093.25" waitingTime="0.00" waitingCount="0" stopTime="0.00" timeLoss="11.20" rerouteNo="0" devices="tripinfo_Silvani_11_12.1" vType="passenger2a" speedFactor="1.05" vaporized=""/>
    <tripinfo id="Togliatti_12_48" depart="68.00" departLane="85_3" departPos="0.00" departSpeed="0.00" departDelay="0.00" arrival="142.00" arrivalLane="136_1" arrivalPos="186.29" arrivalSpeed="13.56" duration="74.00" routeLength="849.87" waitingTime="0.00" waitingCount="0" stopTime="0.00" timeLoss="13.89" rerouteNo="0" devices="tripinfo_Togliatti_12_48" vType="passenger2a" speedFactor="1.04" vaporized=""/>
    <tripinfo id="Silvani_11_9.1" depart="46.00" departLane="203[0]_1" departPos="0.00" departSpeed="0.00" departDelay="25.00" arrival="144.00" arrivalLane="114_1" arrivalPos="694.55" arrivalSpeed="12.60" duration="98.00" routeLength="1093.25" waitingTime="0.00" waitingCount="0" stopTime="0.00" timeLoss="13.00" rerouteNo="0" devices="tripinfo_Silvani_11_9.1" vType="passenger2a" speedFactor="0.94" vaporized=""/>
    <tripinfo id="Togliatti_12_48.1" depart="70.00" departLane="85_3" departPos="0.00" departSpeed="0.00" departDelay="2.00" arrival="144.00" arrivalLane="136_1" arrivalPos="186.29" arrivalSpeed="12.10" duration="74.00" routeLength="849.87" waitingTime="0.00" waitingCount="0" stopTime="0.00" timeLoss="17.46" rerouteNo="0" devices="tripinfo_Togliatti_12_48.1" vType="passenger1" speedFactor="1.10" vaporized=""/>
    <tripinfo id="Silvani_11_12" depart="52.00" departLane="203[0]_1" departPos="0.00" departSpeed="0.00" departDelay="24.00" arrival="148.00" arrivalLane="114_1" arrivalPos="694.55" arrivalSpeed="12.34" duration="96.00" routeLength="1093.25" waitingTime="0.00" waitingCount="0" stopTime="0.00" timeLoss="12.74" rerouteNo="0" devices="tripinfo_Silvani_11_12" vType="passenger1" speedFactor="0.96" vaporized=""/>
    <tripinfo id="Silvani_11_13.1" depart="60.00" departLane="203[0]_1" departPos="0.00" departSpeed="0.00" departDelay="30.00" arrival="154.00" arrivalLane="114_1" arrivalPos="694.55" arrivalSpeed="13.84" duration="94.00" routeLength="1093.25" waitingTime="0.00" waitingCount="0" stopTime="0.00" timeLoss="17.92" rerouteNo="0" devices="tripinfo_Silvani_11_13.1" vType="passenger5" speedFactor="1.04" vaporized=""/>
    <tripinfo id="Togliatti_12_59" depart="84.00" departLane="85_3" departPos="0.00" departSpeed="0.00" departDelay="0.00" arrival="154.00" arrivalLane="136_1" arrivalPos="186.29" arrivalSpeed="11.57" duration="70.00" routeLength="849.87" waitingTime="0.00" waitingCount="0" stopTime="0.00" timeLoss="10.24" rerouteNo="0" devices="tripinfo_Togliatti_12_59" vType="passenger2a" speedFactor="1.04" vaporized=""/>
    <tripinfo id="Silvani_11_14.1" depart="66.00" departLane="203[0]_1" departPos="0.00" departSpeed="0.00" departDelay="33.00" arrival="156.00" arrivalLane="114_2" arrivalPos="694.55" arrivalSpeed="12.90" duration="90.00" routeLength="1093.25" waitingTime="0.00" waitingCount="0" stopTime="0.00" timeLoss="17.91" rerouteNo="0" devices="tripinfo_Silvani_11_14.1" vType="passenger2a" speedFactor="1.11" vaporized=""/>
    <tripinfo id="Silvani_11_16.1" depart="76.00" departLane="203[0]_1" departPos="0.00" departSpeed="0.00" departDelay="39.00" arrival="162.00" arrivalLane="114_3" arrivalPos="694.55" arrivalSpeed="15.48" duration="86.00" routeLength="1093.25" waitingTime="0.00" waitingCount="0" stopTime="0.00" timeLoss="16.31" rerouteNo="0" devices="tripinfo_Silvani_11_16.1" vType="passenger2a" speedFactor="1.16" vaporized=""/>
    <personinfo id="37" depart="20.00" type="DEFAULT_PEDTYPE" speedFactor="1.01" duration="144.00" waitingTime="0.00" timeLoss="14.83" traveltime="144.00">
        <walk depart="20.00" departPos="0.00" arrival="164.00" arrivalPos="115.33" duration="144.00" routeLength="181.06" timeLoss="14.83" maxSpeed="1.40"/>
    </personinfo>
    <tripinfo id="Silvani_11_14" depart="64.00" departLane="203[0]_1" departPos="0.00" departSpeed="0.00" departDelay="31.00" arrival="164.00" arrivalLane="114_1" arrivalPos="694.55" arrivalSpeed="12.76" duration="100.00" routeLength="1093.25" waitingTime="0.00" waitingCount="0" stopTime="0.00" timeLoss="15.39" rerouteNo="0" devices="tripinfo_Silvani_11_14" vType="passenger2b" speedFactor="0.95" vaporized=""/>
    <tripinfo id="Silvani_11_14.2" depart="70.00" departLane="203[0]_1" departPos="0.00" departSpeed="0.00" departDelay="37.00" arrival="164.00" arrivalLane="114_2" arrivalPos="694.55" arrivalSpeed="13.09" duration="94.00" routeLength="1093.25" waitingTime="0.00" waitingCount="0" stopTime="0.00" timeLoss="17.82" rerouteNo="0" devices="tripinfo_Silvani_11_14.2" vType="passenger1" speedFactor="1.04" vaporized=""/>
    <personinfo id="258" depart="130.00" type="DEFAULT_PEDTYPE" speedFactor="1.10" duration="36.00" waitingTime="0.00" timeLoss="3.55" traveltime="36.00">
        <walk depart="130.00" departPos="0.00" arrival="166.00" arrivalPos="40.52" duration="36.00" routeLength="49.57" timeLoss="3.55" maxSpeed="1.53"/>
    </personinfo>
    <tripinfo id="Silvani_11_13" depart="58.00" departLane="203[0]_1" departPos="0.00" departSpeed="0.00" departDelay="28.00" arrival="166.00" arrivalLane="114_1" arrivalPos="694.55" arrivalSpeed="10.23" duration="108.00" routeLength="1093.25" waitingTime="0.00" waitingCount="0" stopTime="0.00" timeLoss="14.76" rerouteNo="0" devices="tripinfo_Silvani_11_13" vType="passenger3" speedFactor="0.85" vaporized=""/>
    <tripinfo id="Silvani_11_16" depart="72.00" departLane="203[0]_1" departPos="0.00" departSpeed="0.00" departDelay="35.00" arrival="166.00" arrivalLane="114_2" arrivalPos="694.55" arrivalSpeed="13.52" duration="94.00" routeLength="1093.25" waitingTime="0.00" waitingCount="0" stopTime="0.00" timeLoss="15.68" rerouteNo="0" devices="tripinfo_Silvani_11_16" vType="passenger3" speedFactor="1.02" vaporized=""/>
    <tripinfo id="Togliatti_12_59.1" depart="86.00" departLane="85_3" departPos="0.00" departSpeed="0.00" departDelay="2.00" arrival="166.00" arrivalLane="136_1" arrivalPos="186.29" arrivalSpeed="11.11" duration="80.00" routeLength="849.87" waitingTime="0.00" waitingCount="0" stopTime="0.00" timeLoss="11.70" rerouteNo="0" devices="tripinfo_Togliatti_12_59.1" vType="passenger2b" speedFactor="0.91" vaporized=""/>
    <tripinfo id="Turati_10_0.1" depart="2.00" departLane="195_1" departPos="0.00" departSpeed="0.00" departDelay="2.00" arrival="168.00" arrivalLane="204[1][1]_2" arrivalPos="433.07" arrivalSpeed="13.69" duration="166.00" routeLength="1826.49" waitingTime="10.00" waitingCount="3" stopTime="0.00" timeLoss="39.49" rerouteNo="0" devices="tripinfo_Turati_10_0.1" vType="passenger1" speedFactor="1.04" vaporized=""/>
    <tripinfo id="Togliatti_2_32.1" depart="54.00" departLane="85_1" departPos="0.00" departSpeed="0.00" departDelay="9.00" arrival="168.00" arrivalLane="77[1][1]_1" arrivalPos="462.90" arrivalSpeed="11.16" duration="114.00" routeLength="1077.79" waitingTime="0.00" waitingCount="0" stopTime="0.00" timeLoss="19.58" rerouteNo="0" devices="tripinfo_Togliatti_2_32.1" vType="passenger2b" speedFactor="0.82" vaporized=""/>
    <tripinfo id="Togliatti_12_59.2" depart="88.00" departLane="85_3" departPos="0.00" departSpeed="0.00" departDelay="4.00" arrival="168.00" arrivalLane="136_1" arrivalPos="186.29" arrivalSpeed="13.70" duration="80.00" routeLength="849.87" waitingTime="0.00" waitingCount="0" stopTime="0.00" timeLoss="17.04" rerouteNo="0" devices="tripinfo_Togliatti_12_59.2" vType="passenger2b" speedFactor="1.00" vaporized=""/>
    <tripinfo id="Costa_12_0" depart="0.00" departLane="78[0]_1" departPos="0.00" departSpeed="0.00" departDelay="0.00" arrival="170.00" arrivalLane="136_1" arrivalPos="186.29" arrivalSpeed="14.30" duration="170.00" routeLength="1226.87" waitingTime="62.00" waitingCount="1" stopTime="0.00" timeLoss="84.92" rerouteNo="0" devices="tripinfo_Costa_12_0" vType="passenger2a" speedFactor="1.05" vaporized=""/>
    <tripinfo id="Turati_10_0" depart="0.00" departLane="195_1" departPos="0.00" departSpeed="0.00" departDelay="0.00" arrival="170.00" arrivalLane="204[1][1]_1" arrivalPos="433.07" arrivalSpeed="10.84" duration="170.00" routeLength="1826.49" waitingTime="0.00" waitingCount="0" stopTime="0.00" timeLoss="27.34" rerouteNo="0" devices="tripinfo_Turati_10_0" vType="passenger5" speedFactor="0.93" vaporized=""/>
    <tripinfo id="Togliatti_3_39" depart="70.00" departLane="85_1" departPos="0.00" departSpeed="0.00" departDelay="15.00" arrival="170.00" arrivalLane="14_1" arrivalPos="75.79" arrivalSpeed="13.97" duration="100.00" routeLength="973.22" waitingTime="6.00" waitingCount="2" stopTime="0.00" timeLoss="32.38" rerouteNo="0" devices="tripinfo_Togliatti_3_39" vType="passenger1" speedFactor="1.05" vaporized=""/>
    <personinfo id="37.1" depart="20.00" type="DEFAULT_PEDTYPE" speedFactor="0.97" duration="152.00" waitingTime="0.00" timeLoss="17.61" traveltime="152.00">
        <walk depart="20.00" departPos="0.00" arrival="172.00" arrivalPos="115.33" duration="152.00" routeLength="181.06" timeLoss="17.61" maxSpeed="1.35"/>
    </personinfo>
    <tripinfo id="Togliatti_2_32.2" depart="58.00" departLane="85_1" departPos="0.00" departSpeed="0.00" departDelay="13.00" arrival="172.00" arrivalLane="77[1][1]_1" arrivalPos="462.90" arrivalSpeed="12.91" duration="114.00" routeLength="1077.79" waitingTime="0.00" waitingCount="0" stopTime="0.00" timeLoss="30.31" rerouteNo="0" devices="tripinfo_Togliatti_2_32.2" vType="passenger3" speedFactor="0.95" vaporized=""/>
    <tripinfo id="Costa_1_2" depart="12.00" departLane="78[0]_1" departPos="0.00" departSpeed="0.00" departDelay="7.00" arrival="174.00" arrivalLane="86_1" arrivalPos="320.14" arrivalSpeed="14.38" duration="162.00" routeLength="1029.70" waitingTime="62.00" waitingCount="1" stopTime="0.00" timeLoss="91.97" rerouteNo="0" devices="tripinfo_Costa_1_2" vType="passenger2a" speedFactor="1.06" vaporized=""/>
    <tripinfo id="Turati_10_1" depart="34.00" departLane="195_1" departPos="0.00" departSpeed="0.00" departDelay="0.00" arrival="174.00" arrivalLane="204[1][1]_1" arrivalPos="433.07" arrivalSpeed="14.65" duration="140.00" routeLength="1826.49" waitingTime="0.00" waitingCount="0" stopTime="0.00" timeLoss="20.75" rerouteNo="0" devices="tripinfo_Turati_10_1" vType="passenger1" speedFactor="1.12" vaporized=""/>
    <tripinfo id="Silvani_11_16.2" depart="78.00" departLane="203[0]_1" departPos="0.00" departSpeed="0.00" departDelay="41.00" arrival="174.00" arrivalLane="114_1" arrivalPos="694.55" arrivalSpeed="11.22" duration="96.00" routeLength="1093.25" waitingTime="0.00" waitingCount="0" stopTime="0.00" timeLoss="14.41" rerouteNo="0" devices="tripinfo_Silvani_11_16.2" vType="passenger2a" speedFactor="0.98" vaporized=""/>
    <tripinfo id="Silvani_11_17" depart="80.00" departLane="203[0]_1" departPos="0.00" departSpeed="0.00" departDelay="40.00" arrival="174.00" arrivalLane="114_2" arrivalPos="694.55" arrivalSpeed="11.69" duration="94.00" routeLength="1093.25" waitingTime="0.00" waitingCount="0" stopTime="0.00" timeLoss="13.69" rerouteNo="0" devices="tripinfo_Silvani_11_17" vType="passenger3" speedFactor="0.99" vaporized=""/>
    <personinfo id="258.1" depart="130.00" type="DEFAULT_PEDTYPE" speedFactor="0.91" duration="46.00" waitingTime="0.00" timeLoss="6.71" traveltime="46.00">
        <walk depart="130.00" departPos="0.00" arrival="176.00" arrivalPos="40.52" duration="46.00" routeLength="49.57" timeLoss="6.71" maxSpeed="1.26"/>
    </personinfo>
    <personinfo id="258.2" depart="130.00" type="DEFAULT_PEDTYPE" speedFactor="0.99" duration="46.00" waitingTime="0.00" timeLoss="9.92" traveltime="46.00">
        <walk depart="130.00" departPos="0.00" arrival="176.00" arrivalPos="40.52" duration="46.00" routeLength="49.57" timeLoss="9.92" maxSpeed="1.37"/>
    </personinfo>
    <personinfo id="172" depart="86.00" type="DEFAULT_PEDTYPE" speedFactor="1.05" duration="92.00" waitingTime="0.00" timeLoss="13.59" traveltime="92.00">
        <walk depart="86.00" departPos="0.00" arrival="178.00" arrivalPos="0.10" duration="92.00" routeLength="114.79" timeLoss="13.59" maxSpeed="1.46"/>
    </personinfo>
    <tripinfo id="Costa_1_2.1" depart="14.00" departLane="78[0]_1" departPos="0.00" departSpeed="0.00" departDelay="9.00" arrival="178.00" arrivalLane="86_2" arrivalPos="320.14" arrivalSpeed="14.40" duration="164.00" routeLength="1029.70" waitingTime="66.00" waitingCount="3" stopTime="0.00" timeLoss="100.70" rerouteNo="0" devices="tripinfo_Costa_1_2.1" vType="passenger2a" speedFactor="1.17" vaporized=""/>
    <tripinfo id="Turati_10_1.1" depart="36.00" departLane="195_1" departPos="0.00" departSpeed="0.00" departDelay="2.00" arrival="178.00" arrivalLane="204[1][1]_1" arrivalPos="433.07" arrivalSpeed="15.12" duration="142.00" routeLength="1826.49" waitingTime="0.00" waitingCount="0" stopTime="0.00" timeLoss="24.15" rerouteNo="0" devices="tripinfo_Turati_10_1.1" vType="passenger2a" speedFactor="1.13" vaporized=""/>
    <tripinfo id="Togliatti_2_40" depart="76.00" departLane="85_1" departPos="0.00" departSpeed="0.00" departDelay="20.00" arrival="178.00" arrivalLane="77[1][1]_1" arrivalPos="462.90" arrivalSpeed="14.19" duration="102.00" routeLength="1077.79" waitingTime="2.00" waitingCount="1" stopTime="0.00" timeLoss="31.94" rerouteNo="0" devices="tripinfo_Togliatti_2_40" vType="passenger3" speedFactor="1.11" vaporized=""/>
    <personinfo id="119" depart="60.00" type="DEFAULT_PEDTYPE" speedFactor="0.95" duration="120.00" waitingTime="0.00" timeLoss="13.44" traveltime="120.00">
        <walk depart="60.00" departPos="0.00" arrival="180.00" arrivalPos="20.50" duration="120.00" routeLength="140.40" timeLoss="13.44" maxSpeed="1.32"/>
    </personinfo>
    <personinfo id="119.1" depart="60.00" type="DEFAULT_PEDTYPE" speedFactor="0.97" duration="122.00" waitingTime="0.00" timeLoss="17.74" traveltime="122.00">
        <walk depart="60.00" departPos="0.00" arrival="182.00" arrivalPos="20.50" duration="122.00" routeLength="140.40" timeLoss="17.74" maxSpeed="1.35"/>
    </personinfo>
    <tripinfo id="Togliatti_2_40.1" depart="80.00" departLane="85_1" departPos="0.00" departSpeed="0.00" departDelay="24.00" arrival="182.00" arrivalLane="77[1][1]_1" arrivalPos="462.90" arrivalSpeed="12.59" duration="102.00" routeLength="1077.79" waitingTime="2.00" waitingCount="1" stopTime="0.00" timeLoss="26.53" rerouteNo="0" devices="tripinfo_Togliatti_2_40.1" vType="passenger2b" speedFactor="1.03" vaporized=""/>
    <personinfo id="301.1" depart="152.00" type="DEFAULT_PEDTYPE" speedFactor="0.98" duration="32.00" waitingTime="0.00" timeLoss="6.22" traveltime="32.00">
        <walk depart="152.00" departPos="0.00" arrival="184.00" arrivalPos="34.74" duration="32.00" routeLength="34.95" timeLoss="6.22" maxSpeed="1.36"/>
    </personinfo>
    <tripinfo id="Togliatti_12_79" depart="112.00" departLane="85_3" departPos="0.00" departSpeed="0.00" departDelay="0.00" arrival="184.00" arrivalLane="136_1" arrivalPos="186.29" arrivalSpeed="14.27" duration="72.00" routeLength="849.87" waitingTime="0.00" waitingCount="0" stopTime="0.00" timeLoss="12.67" rerouteNo="0" devices="tripinfo_Togliatti_12_79" vType="passenger2b" speedFactor="1.05" vaporized=""/>
    <personinfo id="337" depart="170.00" type="DEFAULT_PEDTYPE" speedFactor="1.05" duration="16.00" waitingTime="0.00" timeLoss="1.88" traveltime="16.00">
        <walk depart="170.00" departPos="0.00" arrival="186.00" arrivalPos="20.50" duration="16.00" routeLength="20.50" timeLoss="1.88" maxSpeed="1.45"/>
    </personinfo>
    <tripinfo id="Audinot_10_2" depart="42.00" departLane="131_1" departPos="0.00" departSpeed="0.00" departDelay="0.00" arrival="186.00" arrivalLane="204[1][1]_1" arrivalPos="433.07" arrivalSpeed="12.47" duration="144.00" routeLength="1482.62" waitingTime="22.00" waitingCount="2" stopTime="0.00" timeLoss="44.44" rerouteNo="0" devices="tripinfo_Audinot_10_2" vType="passenger2a" speedFactor="1.09" vaporized=""/>
    <personinfo id="337.1" depart="170.00" type="DEFAULT_PEDTYPE" speedFactor="1.02" duration="18.00" waitingTime="0.00" timeLoss="3.51" traveltime="18.00">
        <walk depart="170.00" departPos="0.00" arrival="188.00" arrivalPos="20.50" duration="18.00" routeLength="20.50" timeLoss="3.51" maxSpeed="1.41"/>
    </personinfo>
    <tripinfo id="Audinot_10_2.1" depart="44.00" departLane="131_1" departPos="0.00" departSpeed="0.00" departDelay="2.00" arrival="188.00" arrivalLane="204[1][1]_1" arrivalPos="433.07" arrivalSpeed="14.06" duration="144.00" routeLength="1482.62" waitingTime="28.00" waitingCount="4" stopTime="0.00" timeLoss="48.63" rerouteNo="0" devices="tripinfo_Audinot_10_2.1" vType="passenger2a" speedFactor="1.13" vaporized=""/>
    <personinfo id="156" depart="78.00" type="DEFAULT_PEDTYPE" speedFactor="1.11" duration="112.00" waitingTime="0.00" timeLoss="11.53" traveltime="112.00">
        <walk depart="78.00" departPos="0.00" arrival="190.00" arrivalPos="64.25" duration="112.00" routeLength="154.50" timeLoss="11.53" maxSpeed="1.54"/>
    </personinfo>
    <tripinfo id="Silvani_11_17.1" depart="84.00" departLane="203[0]_1" departPos="0.00" departSpeed="0.00" departDelay="44.00" arrival="192.00" arrivalLane="114_1" arrivalPos="694.55" arrivalSpeed="9.54" duration="108.00" routeLength="1093.25" waitingTime="0.00" waitingCount="0" stopTime="0.00" timeLoss="13.16" rerouteNo="0" devices="tripinfo_Silvani_11_17.1" vType="passenger5" speedFactor="0.84" vaporized=""/>
    <tripinfo id="Togliatti_12_79.1" depart="114.00" departLane="85_3" departPos="0.00" departSpeed="0.00" departDelay="2.00" arrival="192.00" arrivalLane="136_1" arrivalPos="186.29" arrivalSpeed="12.37" duration="78.00" routeLength="849.87" waitingTime="0.00" waitingCount="0" stopTime="0.00" timeLoss="11.87" rerouteNo="0" devices="tripinfo_Togliatti_12_79.1" vType="passenger3" speedFactor="0.94" vaporized=""/>
    <personinfo id="102" depart="52.00" type="DEFAULT_PEDTYPE" speedFactor="0.94" duration="142.00" waitingTime="0.00" timeLoss="14.23" traveltime="142.00">
        <walk depart="52.00" departPos="0.00" arrival="194.00" arrivalPos="44.38" duration="142.00" routeLength="167.06" timeLoss="14.23" maxSpeed="1.31"/>
    </personinfo>
    <personinfo id="102.1" depart="52.00" type="DEFAULT_PEDTYPE" speedFactor="1.10" duration="142.00" waitingTime="0.00" timeLoss="32.94" traveltime="142.00">
        <walk depart="52.00" departPos="0.00" arrival="194.00" arrivalPos="44.38" duration="142.00" routeLength="167.06" timeLoss="32.94" maxSpeed="1.53"/>
    </personinfo>
    <personinfo id="214" depart="108.00" type="DEFAULT_PEDTYPE" speedFactor="0.96" duration="86.00" waitingTime="0.00" timeLoss="10.39" traveltime="86.00">
        <walk depart="108.00" departPos="0.00" arrival="194.00" arrivalPos="100.92" duration="86.00" routeLength="100.92" timeLoss="10.39" maxSpeed="1.33"/>
    </personinfo>
    <personinfo id="214.1" depart="108.00" type="DEFAULT_PEDTYPE" speedFactor="1.03" duration="86.00" waitingTime="0.00" timeLoss="15.42" traveltime="86.00">
        <walk depart="108.00" departPos="0.00" arrival="194.00" arrivalPos="100.92" duration="86.00" routeLength="100.92" timeLoss="15.42" maxSpeed="1.43"/>
    </personinfo>
    <tripinfo id="Togliatti_12_83" depart="118.00" departLane="85_3" departPos="0.00" departSpeed="0.00" departDelay="0.00" arrival="194.00" arrivalLane="136_1" arrivalPos="186.29" arrivalSpeed="12.40" duration="76.00" routeLength="849.87" waitingTime="2.00" waitingCount="1" stopTime="0.00" timeLoss="17.18" rerouteNo="0" devices="tripinfo_Togliatti_12_83" vType="passenger1" speedFactor="1.06" vaporized=""/>
    <personinfo id="355" depart="178.00" type="DEFAULT_PEDTYPE" speedFactor="1.02" duration="18.00" waitingTime="0.00" timeLoss="11.16" traveltime="18.00">
        <walk depart="178.00" departPos="0.00" arrival="196.00" arrivalPos="0.10" duration="18.00" routeLength="9.67" timeLoss="11.16" maxSpeed="1.41"/>
    </personinfo>
    <tripinfo id="XXI_Aprile_2_12" depart="104.00" departLane="13_1" departPos="0.00" departSpeed="0.00" departDelay="62.00" arrival="196.00" arrivalLane="77[1][1]_1" arrivalPos="462.90" arrivalSpeed="10.70" duration="92.00" routeLength="847.13" waitingTime="2.00" waitingCount="1" stopTime="0.00" timeLoss="23.07" rerouteNo="0" devices="tripinfo_XXI_Aprile_2_12" vType="passenger2b" speedFactor="0.90" vaporized=""/>
    <tripinfo id="Silvani_11_23.1" depart="98.00" departLane="203[0]_1" departPos="0.00" departSpeed="0.00" departDelay="44.00" arrival="196.00" arrivalLane="114_1" arrivalPos="694.55" arrivalSpeed="12.88" duration="98.00" routeLength="1093.25" waitingTime="0.00" waitingCount="0" stopTime="0.00" timeLoss="16.11" rerouteNo="0" devices="tripinfo_Silvani_11_23.1" vType="passenger3" speedFactor="0.97" vaporized=""/>
    <personinfo id="20.2" depart="10.00" type="DEFAULT_PEDTYPE" speedFactor="0.91" duration="188.00" waitingTime="0.00" timeLoss="18.47" traveltime="188.00">
        <walk depart="10.00" departPos="0.00" arrival="198.00" arrivalPos="68.59" duration="188.00" routeLength="213.49" timeLoss="18.47" maxSpeed="1.26"/>
    </personinfo>
    <personinfo id="355.1" depart="178.00" type="DEFAULT_PEDTYPE" speedFactor="1.09" duration="20.00" waitingTime="0.00" timeLoss="13.62" traveltime="20.00">
        <walk depart="178.00" departPos="0.00" arrival="198.00" arrivalPos="0.10" duration="20.00" routeLength="9.67" timeLoss="13.62" maxSpeed="1.52"/>
    </personinfo>
    <personinfo id="107" depart="54.00" type="DEFAULT_PEDTYPE" speedFactor="0.98" duration="144.00" waitingTime="0.00" timeLoss="14.35" traveltime="144.00">
        <walk depart="54.00" departPos="0.00" arrival="198.00" arrivalPos="13.78" duration="144.00" routeLength="177.19" timeLoss="14.35" maxSpeed="1.37"/>
    </personinfo>
    <personinfo id="214.2" depart="108.00" type="DEFAULT_PEDTYPE" speedFactor="0.92" duration="90.00" waitingTime="0.00" timeLoss="11.37" traveltime="90.00">
        <walk depart="108.00" departPos="0.00" arrival="198.00" arrivalPos="100.92" duration="90.00" routeLength="100.92" timeLoss="11.37" maxSpeed="1.28"/>
    </personinfo>
    <tripinfo id="Togliatti_2_45.1" depart="86.00" departLane="85_1" departPos="0.00" departSpeed="0.00" departDelay="22.00" arrival="198.00" arrivalLane="77[1][1]_1" arrivalPos="462.90" arrivalSpeed="13.26" duration="112.00" routeLength="1077.79" waitingTime="6.00" waitingCount="2" stopTime="0.00" timeLoss="32.85" rerouteNo="0" devices="tripinfo_Togliatti_2_45.1" vType="passenger2b" speedFactor="1.00" vaporized=""/>
</tripinfos>
